시도,시군구,사전투표율_8회,사전투표율_9회,격차_%p
전라남도,함평군,36.0,54.21,18.21
전라남도,담양군,38.07,51.89,13.82
전라남도,보성군,36.16,49.09,12.93
전북특별자치도,순창군,49.75,62.31,12.56
전라남도,신안군,48.76,61.31,12.55
전북특별자치도,군산시,17.58,30.11,12.53
전북특별자치도,전주시완산구,17.17,29.45,12.28
전북특별자치도,전주시덕진구,16.78,28.49,11.71
전라남도,완도군,38.05,49.57,11.52
광주광역시,동구,20.7,32.19,11.49
전북특별자치도,정읍시,31.62,42.95,11.33
전라남도,진도군,43.94,55.03,11.09
광주광역시,광산구,13.58,24.64,11.06
광주광역시,남구,18.78,29.7,10.92
전북특별자치도,부안군,34.26,45.08,10.82
광주광역시,북구,18.25,28.68,10.43
전라남도,여수시,19.31,29.65,10.34
전라남도,해남군,30.68,40.62,9.94
전라남도,구례군,40.75,50.44,9.69
전북특별자치도,고창군,43.53,53.16,9.63
전북특별자치도,익산시,21.95,31.4,9.45
광주광역시,서구,18.41,27.82,9.41
전북특별자치도,김제시,31.82,40.91,9.09
전라남도,순천시,24.02,33.05,9.03
전북특별자치도,완주군,27.85,36.68,8.83
전라남도,나주시,29.49,38.06,8.57
전북특별자치도,진안군,44.26,52.33,8.07
전북특별자치도,장수군,43.7,51.73,8.03
전라남도,광양시,25.39,33.05,7.66
전라남도,장흥군,43.45,50.71,7.26
전라남도,강진군,45.01,52.16,7.15
전라남도,무안군,29.7,36.78,7.08
전라남도,화순군,30.64,36.93,6.29
전북특별자치도,남원시,38.45,44.29,5.84
경상남도,김해시,16.57,22.2,5.63
부산광역시,북구,17.83,23.38,5.55
전북특별자치도,임실군,44.03,49.01,4.98
부산광역시,강서구,15.13,20.1,4.97
전라남도,영암군,35.03,39.99,4.96
대구광역시,달성군,12.61,17.54,4.93
전라남도,영광군,41.68,46.59,4.91
경상남도,창원시성산구,18.02,22.76,4.74
울산광역시,북구,18.27,22.83,4.56
전라남도,곡성군,45.88,50.34,4.46
대구광역시,수성구,16.45,20.77,4.32
강원특별자치도,양양군,29.2,33.5,4.3
강원특별자치도,철원군,22.42,26.7,4.28
경기도,광주시,17.23,21.49,4.26
서울특별시,도봉구,21.37,25.53,4.16
강원특별자치도,속초시,22.37,26.5,4.13
대구광역시,달서구,13.13,17.22,4.09
경상남도,진주시,22.24,26.24,4.0
대전광역시,유성구,19.98,23.94,3.96
대구광역시,중구,16.35,20.29,3.94
경기도,오산시,14.98,18.89,3.91
대구광역시,동구,15.32,19.14,3.82
충청남도,서산시,20.29,24.1,3.81
충청남도,당진시,19.48,23.24,3.76
경상남도,통영시,24.72,28.4,3.68
제주특별자치도,서귀포시,22.41,26.06,3.65
서울특별시,은평구,22.3,25.92,3.62
충청남도,천안시서북구,13.99,17.59,3.6
서울특별시,광진구,20.74,24.31,3.57
충청북도,청주시흥덕구,15.54,19.07,3.53
경상남도,창원시진해구,17.85,21.36,3.51
경상남도,거제시,21.75,25.21,3.46
서울특별시,마포구,21.22,24.66,3.44
충청북도,보은군,36.69,40.12,3.43
경상남도,밀양시,23.81,27.24,3.43
서울특별시,강서구,20.43,23.84,3.41
서울특별시,서대문구,21.75,25.14,3.39
전라남도,목포시,30.21,33.55,3.34
서울특별시,중랑구,21.55,24.84,3.29
부산광역시,사상구,17.32,20.61,3.29
경기도,용인시처인구,18.06,21.34,3.28
부산광역시,기장군,14.58,17.81,3.23
경기도,연천군,24.17,27.38,3.21
경상남도,함안군,25.13,28.31,3.18
경상남도,양산시,15.36,18.51,3.15
경상북도,안동시,24.14,27.25,3.11
경상남도,창원시의창구,18.09,21.17,3.08
경기도,하남시,21.47,24.54,3.07
서울특별시,동대문구,19.73,22.79,3.06
서울특별시,강북구,21.1,24.12,3.02
대전광역시,대덕구,19.19,22.15,2.96
부산광역시,동래구,18.25,21.2,2.95
서울특별시,성북구,22.02,24.95,2.93
서울특별시,노원구,21.23,24.11,2.88
울산광역시,남구,18.12,21.0,2.88
충청북도,진천군,21.2,24.07,2.87
서울특별시,구로구,20.59,23.45,2.86
울산광역시,울주군,20.43,23.29,2.86
충청남도,공주시,26.0,28.86,2.86
부산광역시,연제구,18.0,20.81,2.81
대구광역시,북구,14.68,17.43,2.75
충청남도,아산시,15.73,18.46,2.73
서울특별시,종로구,23.9,26.61,2.71
서울특별시,강동구,21.57,24.27,2.7
경기도,성남시중원구,21.81,24.51,2.7
부산광역시,해운대구,17.94,20.62,2.68
경기도,안산시단원구,16.26,18.93,2.67
서울특별시,양천구,21.65,24.31,2.66
대전광역시,서구,19.16,21.82,2.66
부산광역시,사하구,17.54,20.18,2.64
충청남도,홍성군,23.42,26.06,2.64
경상남도,합천군,32.41,35.03,2.62
서울특별시,동작구,23.18,25.79,2.61
서울특별시,영등포구,20.67,23.26,2.59
서울특별시,금천구,20.42,22.99,2.57
서울특별시,용산구,21.69,24.25,2.56
경기도,의정부시,17.93,20.49,2.56
강원특별자치도,동해시,23.57,26.13,2.56
충청북도,제천시,24.37,26.93,2.56
경기도,파주시,15.47,17.95,2.48
경기도,용인시기흥구,20.66,23.11,2.45
대구광역시,남구,15.28,17.7,2.42
서울특별시,중구,22.45,24.85,2.4
강원특별자치도,원주시,21.44,23.84,2.4
충청남도,논산시,22.42,24.82,2.4
인천광역시,강화군,30.66,33.05,2.39
충청북도,청주시청원구,15.32,17.7,2.38
부산광역시,부산진구,18.37,20.74,2.37
인천광역시,부평구,19.19,21.54,2.35
강원특별자치도,춘천시,22.77,25.12,2.35
충청북도,청주시서원구,19.1,21.43,2.33
경기도,남양주시,16.61,18.86,2.25
경기도,군포시,20.2,22.44,2.24
충청남도,천안시동남구,15.17,17.38,2.21
경기도,구리시,19.09,21.28,2.19
충청북도,충주시,21.21,23.38,2.17
경기도,이천시,19.94,22.1,2.16
서울특별시,성동구,22.2,24.33,2.13
경기도,고양시일산서구,19.0,21.05,2.05
충청북도,청주시상당구,19.12,21.17,2.05
부산광역시,영도구,22.47,24.5,2.03
서울특별시,관악구,21.34,23.34,2.0
인천광역시,서구,18.73,20.71,1.98
경기도,고양시덕양구,19.62,21.59,1.97
경상북도,구미시,15.87,17.84,1.97
울산광역시,중구,20.46,22.42,1.96
충청남도,계룡시,25.86,27.82,1.96
인천광역시,남동구,19.01,20.94,1.93
대전광역시,동구,20.84,22.76,1.92
경기도,안산시상록구,16.35,18.27,1.92
충청북도,괴산군,37.11,39.03,1.92
경상북도,울진군,33.95,35.87,1.92
서울특별시,송파구,21.41,23.3,1.89
충청북도,음성군,23.72,25.6,1.88
부산광역시,동구,23.03,24.9,1.87
대전광역시,중구,19.93,21.77,1.84
경기도,포천시,21.97,23.79,1.82
경기도,성남시수정구,22.49,24.3,1.81
경기도,시흥시,16.45,18.26,1.81
강원특별자치도,화천군,30.92,32.7,1.78
경기도,양주시,18.65,20.42,1.77
부산광역시,금정구,21.32,23.07,1.75
경상남도,창녕군,29.07,30.81,1.74
경기도,김포시,16.93,18.63,1.7
강원특별자치도,강릉시,23.77,25.47,1.7
경기도,고양시일산동구,18.66,20.35,1.69
경상북도,경산시,14.7,16.37,1.67
인천광역시,연수구,20.26,21.92,1.66
경기도,수원시영통구,19.55,21.15,1.6
부산광역시,서구,21.31,22.87,1.56
경기도,광명시,22.59,24.12,1.53
경상남도,사천시,26.51,28.04,1.53
경상남도,창원시마산합포구,21.75,23.23,1.48
부산광역시,남구,20.28,21.74,1.46
경기도,평택시,15.88,17.33,1.45
경기도,안양시동안구,23.03,24.47,1.44
경기도,의왕시,21.74,23.18,1.44
강원특별자치도,영월군,30.45,31.87,1.42
충청북도,옥천군,32.17,33.57,1.4
부산광역시,수영구,19.22,20.56,1.34
경상남도,창원시마산회원구,19.82,21.15,1.33
충청북도,증평군,24.81,26.11,1.3
인천광역시,미추홀구,18.98,20.26,1.28
울산광역시,동구,22.48,23.76,1.28
강원특별자치도,양구군,31.31,32.59,1.28
충청북도,영동군,34.21,35.47,1.26
충청남도,금산군,26.28,27.46,1.18
경기도,수원시권선구,17.65,18.8,1.15
경기도,수원시팔달구,18.8,19.92,1.12
경기도,용인시수지구,21.16,22.2,1.04
대구광역시,서구,17.35,18.33,0.98
강원특별자치도,고성군,28.31,29.26,0.95
경기도,여주시,22.64,23.56,0.92
경상남도,거창군,32.44,33.36,0.92
경상북도,문경시,33.43,34.34,0.91
강원특별자치도,태백시,32.61,33.5,0.89
경상남도,남해군,36.02,36.91,0.89
경기도,수원시장안구,19.94,20.82,0.88
충청남도,태안군,29.37,30.23,0.86
경상북도,영덕군,33.31,34.14,0.83
경기도,안양시만안구,21.89,22.7,0.81
서울특별시,서초구,20.09,20.88,0.79
경기도,동두천시,22.48,23.26,0.78
강원특별자치도,홍천군,26.45,27.17,0.72
제주특별자치도,제주시,20.99,21.68,0.69
충청남도,청양군,34.85,35.52,0.67
부산광역시,중구,21.78,22.36,0.58
경상북도,예천군,30.68,31.2,0.52
서울특별시,강남구,18.6,19.09,0.49
경기도,가평군,25.28,25.75,0.47
전북특별자치도,무주군,47.49,47.92,0.43
경기도,안성시,21.99,22.32,0.33
강원특별자치도,삼척시,32.06,32.39,0.33
강원특별자치도,평창군,33.77,34.03,0.26
전라남도,장성군,45.32,45.52,0.2
경상북도,칠곡군,17.22,17.42,0.2
충청남도,서천군,31.1,31.22,0.12
충청남도,예산군,24.35,24.44,0.09
강원특별자치도,정선군,33.48,33.54,0.06
경기도,과천시,25.97,25.99,0.02
경상북도,봉화군,33.0,33.01,0.01
충청남도,부여군,29.59,29.5,-0.09
경상남도,산청군,37.18,37.06,-0.12
경기도,양평군,27.11,26.84,-0.27
경기도,성남시분당구,21.99,21.68,-0.31
전라남도,고흥군,49.66,49.33,-0.33
경상북도,포항시북구,16.68,16.3,-0.38
충청남도,보령시,28.89,28.39,-0.5
강원특별자치도,인제군,31.87,31.31,-0.56
경상남도,고성군,32.54,31.66,-0.88
강원특별자치도,횡성군,33.18,32.29,-0.89
경상북도,김천시,28.4,27.47,-0.93
경상북도,포항시남구,17.88,16.83,-1.05
경상북도,고령군,27.67,26.49,-1.18
인천광역시,계양구,22.66,21.33,-1.33
경상북도,영천시,25.01,23.25,-1.76
경상북도,영주시,27.91,26.1,-1.81
충청북도,단양군,33.29,31.36,-1.93
인천광역시,옹진군,36.94,34.6,-2.34
경상남도,의령군,37.8,35.43,-2.37
경상북도,청송군,37.35,34.88,-2.47
경상북도,성주군,37.37,34.81,-2.56
경상남도,하동군,43.52,40.88,-2.64
경상북도,상주시,31.61,28.87,-2.74
경상북도,경주시,22.41,19.1,-3.31
경상남도,함양군,42.34,38.86,-3.48
경상북도,청도군,33.51,29.75,-3.76
경상북도,울릉군,47.09,40.81,-6.28
경상북도,영양군,47.08,40.4,-6.68
경상북도,의성군,44.14,36.62,-7.52
대구광역시,군위군,52.08,39.82,-12.26
