huboid,name,party,office,region,sdName,sggName,nec_detail_url,criminal_record_disclosure,categories,important_categories,offense_count_extracted,matched_terms
100163202,양정무,국민의힘,시도지사,전북특별자치도 전북특별자치도,전북특별자치도,전북특별자치도,https://info.nec.go.kr/electioninfo/candidate_detail_info.xhtml?electionId=0020260603&huboId=100163202,9건,허위공문서·문서위조·공용서류; 노동,허위공문서·문서위조·공용서류,9,허위공문서·문서위조·공용서류:공무상표시무효; 노동:근로기준법
100154850,부람준,진보당,시도의원,제주특별자치도 제주특별자치도 제주시 오라동선거구,제주특별자치도,제주특별자치도 제주시 오라동선거구,https://info.nec.go.kr/electioninfo/candidate_detail_info.xhtml?electionId=0020260603&huboId=100154850,6건,허위공문서·문서위조·공용서류; 음주·위험운전; 폭력; 도로교통,허위공문서·문서위조·공용서류; 음주·위험운전,6,허위공문서·문서위조·공용서류:사문서|위조; 음주·위험운전:음주운전; 폭력:상해; 도로교통:도로교통법
100162707,이홍희,무소속,구시군의회의원,경상남도 거창군나선거구,경상남도,거창군나선거구,https://info.nec.go.kr/electioninfo/candidate_detail_info.xhtml?electionId=0020260603&huboId=100162707,6건,사기; 공직선거법; 음주·위험운전; 무면허운전; 폭력; 공무집행방해; 도로교통,사기; 공직선거법; 음주·위험운전; 무면허운전,6,사기:사기; 공직선거법:공직선거법; 음주·위험운전:음주운전; 무면허운전:무면허운전; 폭력:상해; 공무집행방해:공무집행방해; 도로교통:도로교통법
100158402,김현욱,국민연합,시도지사,경기도 경기도,경기도,경기도,https://info.nec.go.kr/electioninfo/candidate_detail_info.xhtml?electionId=0020260603&huboId=100158402,9건,뇌물; 음주·위험운전; 무면허운전; 공무집행방해; 도로교통; 노동,뇌물; 음주·위험운전; 무면허운전,4,뇌물:알선수재; 음주·위험운전:음주운전; 무면허운전:무면허운전; 공무집행방해:공무집행방해; 도로교통:도로교통법; 노동:근로기준법
100157158,안병일,국민의힘,구시군의회의원,경상북도 안동시라선거구,경상북도,안동시라선거구,https://info.nec.go.kr/electioninfo/candidate_detail_info.xhtml?electionId=0020260603&huboId=100157158,4건,음주·위험운전; 교통사고; 도로교통,음주·위험운전,4,음주·위험운전:음주운전; 교통사고:교통사고처리특례법|교통사고처리특례; 도로교통:도로교통법
100156297,장원호,무소속,구시군의회의원,경상북도 안동시마선거구,경상북도,안동시마선거구,https://info.nec.go.kr/electioninfo/candidate_detail_info.xhtml?electionId=0020260603&huboId=100156297,6건,교통사고; 폭력; 자동차관리,,4,교통사고:교통사고처리특례법|교통사고처리특례; 폭력:폭력행위; 자동차관리:자동차관리법
100160073,박정익,국민의힘,구시군의회의원,경상북도 칠곡군라선거구,경상북도,칠곡군라선거구,https://info.nec.go.kr/electioninfo/candidate_detail_info.xhtml?electionId=0020260603&huboId=100160073,4건,음주·위험운전; 도로교통,음주·위험운전,4,음주·위험운전:음주운전; 도로교통:도로교통법
100155938,김홍수,개혁신당,기초단체장,강원특별자치도 동해시,강원특별자치도,동해시,https://info.nec.go.kr/electioninfo/candidate_detail_info.xhtml?electionId=0020260603&huboId=100155938,3건,,,3,
100158759,강동원,조국혁신당,기초단체장,전북특별자치도 남원시,전북특별자치도,남원시,https://info.nec.go.kr/electioninfo/candidate_detail_info.xhtml?electionId=0020260603&huboId=100158759,3건,음주·위험운전; 도로교통; 명예훼손,음주·위험운전,3,음주·위험운전:음주운전; 도로교통:도로교통법; 명예훼손:명예훼손
100159899,맹정섭,더불어민주당,기초단체장,충청북도 충주시,충청북도,충주시,https://info.nec.go.kr/electioninfo/candidate_detail_info.xhtml?electionId=0020260603&huboId=100159899,3건,공직선거법; 폭력; 사법방해; 도로교통; 모욕,공직선거법,3,공직선거법:공직선거법; 폭력:폭행; 사법방해:무고; 도로교통:도로교통법; 모욕:모욕
100162553,김성수,국민의힘,시도의원,경기도 하남시제2선거구,경기도,하남시제2선거구,https://info.nec.go.kr/electioninfo/candidate_detail_info.xhtml?electionId=0020260603&huboId=100162553,2건,공직선거법; 업무방해; 도로교통,공직선거법,3,공직선거법:공직선거법; 업무방해:업무방해; 도로교통:일반교통방해
100156952,김보성,국민의힘,시도의원,인천광역시 계양구제1선거구,인천광역시,계양구제1선거구,https://info.nec.go.kr/electioninfo/candidate_detail_info.xhtml?electionId=0020260603&huboId=100156952,3건,폭력; 도로교통,,3,폭력:폭력행위; 도로교통:도로교통법
100162905,정승욱,더불어민주당,구시군의회의원,경상남도 통영시라선거구,경상남도,통영시라선거구,https://info.nec.go.kr/electioninfo/candidate_detail_info.xhtml?electionId=0020260603&huboId=100162905,3건,음주·위험운전; 무면허운전; 도로교통,음주·위험운전; 무면허운전,3,음주·위험운전:음주운전; 무면허운전:무면허운전; 도로교통:도로교통법
100163312,이영철,무소속,구시군의회의원,경상남도 김해시바선거구,경상남도,김해시바선거구,https://info.nec.go.kr/electioninfo/candidate_detail_info.xhtml?electionId=0020260603&huboId=100163312,9건,음주·위험운전; 업무방해; 도로교통; 집시법,음주·위험운전,3,음주·위험운전:음주운전; 업무방해:업무방해; 도로교통:도로교통법; 집시법:집회및시위|집회 및 시위
100161573,이동욱,무소속,구시군의회의원,경상북도 경산시나선거구,경상북도,경산시나선거구,https://info.nec.go.kr/electioninfo/candidate_detail_info.xhtml?electionId=0020260603&huboId=100161573,3건,,,3,
100163170,이원택,더불어민주당,시도지사,전북특별자치도 전북특별자치도,전북특별자치도,전북특별자치도,https://info.nec.go.kr/electioninfo/candidate_detail_info.xhtml?electionId=0020260603&huboId=100163170,2건,폭력; 공무집행방해; 집시법,,2,폭력:폭력행위; 공무집행방해:공무집행방해; 집시법:집회및시위|집회 및 시위
100159308,하학열,국민의힘,기초단체장,경상남도 고성군,경상남도,고성군,https://info.nec.go.kr/electioninfo/candidate_detail_info.xhtml?electionId=0020260603&huboId=100159308,2건,공직선거법; 명예훼손,공직선거법,2,공직선거법:공직선거법; 명예훼손:명예훼손
100154602,김재선,무소속,기초단체장,전북특별자치도 정읍시,전북특별자치도,정읍시,https://info.nec.go.kr/electioninfo/candidate_detail_info.xhtml?electionId=0020260603&huboId=100154602,12건,횡령; 배임; 공직선거법; 음주·위험운전; 폭력; 업무방해; 사법방해; 도로교통; 노동; 건축·건설·부동산,횡령; 배임; 공직선거법; 음주·위험운전,2,횡령:횡령; 배임:배임; 공직선거법:공직선거법; 음주·위험운전:음주운전; 폭력:상해; 업무방해:업무방해; 사법방해:무고; 도로교통:도로교통법; 노동:근로기준법; 건축·건설·부동산:산지관리
100157300,이찬호,국민의힘,시도의원,경상남도 창원시제5선거구,경상남도,창원시제5선거구,https://info.nec.go.kr/electioninfo/candidate_detail_info.xhtml?electionId=0020260603&huboId=100157300,6건,음주·위험운전; 무면허운전; 도로교통; 자동차관리,음주·위험운전; 무면허운전,2,음주·위험운전:음주운전; 무면허운전:무면허운전; 도로교통:도로교통법; 자동차관리:자동차관리법
100159283,류명열,국민의힘,시도의원,경상남도 김해시제4선거구,경상남도,김해시제4선거구,https://info.nec.go.kr/electioninfo/candidate_detail_info.xhtml?electionId=0020260603&huboId=100159283,2건,환경,,2,환경:폐기물관리법
100163508,오경석,무소속,시도의원,부산광역시 중구선거구,부산광역시,중구선거구,https://info.nec.go.kr/electioninfo/candidate_detail_info.xhtml?electionId=0020260603&huboId=100163508,4건,사기; 보험·금융; 명예훼손,사기,2,사기:사기; 보험·금융:전자금융거래법; 명예훼손:명예훼손
100163985,김동선,무소속,시도의원,전북특별자치도 부안군선거구,전북특별자치도,부안군선거구,https://info.nec.go.kr/electioninfo/candidate_detail_info.xhtml?electionId=0020260603&huboId=100163985,3건,배임; 음주·위험운전; 무면허운전; 도로교통,배임; 음주·위험운전; 무면허운전,2,배임:배임; 음주·위험운전:음주운전; 무면허운전:무면허운전; 도로교통:도로교통법
100162383,양경호,더불어민주당,시도의원,제주특별자치도 제주특별자치도 제주시 노형동갑선거구,제주특별자치도,제주특별자치도 제주시 노형동갑선거구,https://info.nec.go.kr/electioninfo/candidate_detail_info.xhtml?electionId=0020260603&huboId=100162383,3건,공직선거법,공직선거법,2,공직선거법:공직선거법
100158150,김종필,국민의힘,시도의원,충청북도 충주시제4선거구,충청북도,충주시제4선거구,https://info.nec.go.kr/electioninfo/candidate_detail_info.xhtml?electionId=0020260603&huboId=100158150,2건,음주·위험운전; 도로교통,음주·위험운전,2,음주·위험운전:음주운전; 도로교통:도로교통법
100162366,배왕섭,더불어민주당,구시군의회의원,강원특별자치도 정선군나선거구,강원특별자치도,정선군나선거구,https://info.nec.go.kr/electioninfo/candidate_detail_info.xhtml?electionId=0020260603&huboId=100162366,3건,폭력; 범인도피,,2,폭력:폭력행위; 범인도피:범인도피
100160443,윤재구,더불어민주당,구시군의회의원,경기도 연천군가선거구,경기도,연천군가선거구,https://info.nec.go.kr/electioninfo/candidate_detail_info.xhtml?electionId=0020260603&huboId=100160443,2건,공직선거법; 식품·보건,공직선거법,2,공직선거법:공직선거법; 식품·보건:공중위생관리법
100164438,정성원,무소속,구시군의회의원,경상남도 밀양시나선거구,경상남도,밀양시나선거구,https://info.nec.go.kr/electioninfo/candidate_detail_info.xhtml?electionId=0020260603&huboId=100164438,8건,사기; 교통사고; 폭력; 사법방해; 건축·건설·부동산,사기,2,사기:사기; 교통사고:교통사고처리특례법|교통사고처리특례; 폭력:상해; 사법방해:위증; 건축·건설·부동산:부동산
100162777,이한신,국민의힘,구시군의회의원,경상남도 합천군가선거구,경상남도,합천군가선거구,https://info.nec.go.kr/electioninfo/candidate_detail_info.xhtml?electionId=0020260603&huboId=100162777,5건,사기; 횡령; 보험·금융,사기; 횡령,2,사기:사기; 횡령:횡령; 보험·금융:부정수표단속법
100157369,최소동,무소속,구시군의회의원,경상북도 경주시나선거구,경상북도,경주시나선거구,https://info.nec.go.kr/electioninfo/candidate_detail_info.xhtml?electionId=0020260603&huboId=100157369,4건,폭력; 도박; 명예훼손,,2,폭력:상해; 도박:도박; 명예훼손:명예훼손
100154271,김철민,무소속,구시군의회의원,경상북도 경주시라선거구,경상북도,경주시라선거구,https://info.nec.go.kr/electioninfo/candidate_detail_info.xhtml?electionId=0020260603&huboId=100154271,2건,사기; 음주·위험운전; 도로교통,사기; 음주·위험운전,2,사기:사기; 음주·위험운전:음주운전; 도로교통:도로교통법
100162119,장세구,국민의힘,구시군의회의원,경상북도 구미시라선거구,경상북도,구미시라선거구,https://info.nec.go.kr/electioninfo/candidate_detail_info.xhtml?electionId=0020260603&huboId=100162119,2건,음주·위험운전; 무면허운전; 도로교통; 자동차관리,음주·위험운전; 무면허운전,2,음주·위험운전:음주운전; 무면허운전:무면허운전; 도로교통:도로교통법; 자동차관리:자동차관리법
100159387,윤장혁,진보당,구시군의회의원,울산광역시 울주군가선거구,울산광역시,울주군가선거구,https://info.nec.go.kr/electioninfo/candidate_detail_info.xhtml?electionId=0020260603&huboId=100159387,11건,폭력; 공무집행방해; 재물손괴; 도로교통; 집시법,,2,폭력:폭력행위; 공무집행방해:공무집행방해; 재물손괴:재물손괴; 도로교통:도로교통법; 집시법:집회및시위|집회 및 시위
100157185,하기정,국민의힘,구시군의회의원,인천광역시 서구라선거구,인천광역시,서구라선거구,https://info.nec.go.kr/electioninfo/candidate_detail_info.xhtml?electionId=0020260603&huboId=100157185,2건,,,2,
100156856,박수경,더불어민주당,구시군의회의원,전라남도 목포시가선거구,전라남도,목포시가선거구,https://info.nec.go.kr/electioninfo/candidate_detail_info.xhtml?electionId=0020260603&huboId=100156856,2건,음주·위험운전; 도로교통,음주·위험운전,2,음주·위험운전:음주운전; 도로교통:도로교통법
100155403,한선미,더불어민주당,구시군의회의원,전북특별자치도 정읍시다선거구,전북특별자치도,정읍시다선거구,https://info.nec.go.kr/electioninfo/candidate_detail_info.xhtml?electionId=0020260603&huboId=100155403,2건,교육·청소년; 집시법,,2,교육·청소년:영유아보육법; 집시법:집회및시위|집회 및 시위
100160535,이성원,조국혁신당,구시군의회의원,전북특별자치도 완주군나선거구,전북특별자치도,완주군나선거구,https://info.nec.go.kr/electioninfo/candidate_detail_info.xhtml?electionId=0020260603&huboId=100160535,1건,음주·위험운전,음주·위험운전,2,음주·위험운전:음주운전
100159028,조위필,무소속,구시군의회의원,충청북도 보은군다선거구,충청북도,보은군다선거구,https://info.nec.go.kr/electioninfo/candidate_detail_info.xhtml?electionId=0020260603&huboId=100159028,9건,사기; 보조금; 폭력; 공무집행방해; 업무방해; 집시법; 명예훼손,사기; 보조금,2,사기:사기; 보조금:보조금; 폭력:상해; 공무집행방해:공무집행방해; 업무방해:업무방해; 집시법:집회및시위|집회 및 시위; 명예훼손:명예훼손
100164937,김동우,진보당,광역의원비례,경기도 경기도,경기도,경기도,https://info.nec.go.kr/electioninfo/candidate_detail_info.xhtml?electionId=0020260603&huboId=100164937,10건,폭력; 공무집행방해; 업무방해; 주거침입; 도로교통; 집시법,,2,폭력:폭력행위|상해; 공무집행방해:공무집행방해; 업무방해:업무방해; 주거침입:주거침입; 도로교통:일반교통방해; 집시법:집회및시위|집회 및 시위
100164493,김윤희,국민연합,광역의원비례,경기도 경기도,경기도,경기도,https://info.nec.go.kr/electioninfo/candidate_detail_info.xhtml?electionId=0020260603&huboId=100164493,2건,업무방해,,2,업무방해:업무방해
100165094,김성기,진보당,광역의원비례,경상북도 경상북도,경상북도,경상북도,https://info.nec.go.kr/electioninfo/candidate_detail_info.xhtml?electionId=0020260603&huboId=100165094,5건,공직선거법; 폭력; 업무방해; 주거침입; 도로교통; 집시법,공직선거법,2,공직선거법:공직선거법; 폭력:폭력행위|상해; 업무방해:업무방해; 주거침입:주거침입; 도로교통:일반교통방해; 집시법:집회및시위|집회 및 시위
100157960,유의동,국민의힘,국회의원(재보궐),경기도 평택시을,경기도,평택시을,https://info.nec.go.kr/electioninfo/candidate_detail_info.xhtml?electionId=0020260603&huboId=100157960,1건,음주·위험운전; 도로교통,음주·위험운전,1,음주·위험운전:음주운전; 도로교통:도로교통법
100162512,조국,조국혁신당,국회의원(재보궐),경기도 평택시을,경기도,평택시을,https://info.nec.go.kr/electioninfo/candidate_detail_info.xhtml?electionId=0020260603&huboId=100162512,2건,청탁금지법; 직권남용; 허위공문서·문서위조·공용서류; 공무집행방해; 업무방해; 국가보안법,청탁금지법; 직권남용; 허위공문서·문서위조·공용서류,1,청탁금지법:부정청탁|금품등수수; 직권남용:직권남용; 허위공문서·문서위조·공용서류:허위작성공문서행사|사문서|위조; 공무집행방해:공무집행방해; 업무방해:업무방해; 국가보안법:국가보안법
100153855,김재연,진보당,국회의원(재보궐),경기도 평택시을,경기도,평택시을,https://info.nec.go.kr/electioninfo/candidate_detail_info.xhtml?electionId=0020260603&huboId=100153855,2건,폭력; 주거침입; 도로교통; 식품·보건; 국가보안법; 집시법,,1,폭력:폭력행위; 주거침입:주거침입; 도로교통:일반교통방해; 식품·보건:감염병; 국가보안법:국가보안법; 집시법:집회및시위|집회 및 시위
100158139,김석훈,국민의힘,국회의원(재보궐),경기도 안산시갑,경기도,안산시갑,https://info.nec.go.kr/electioninfo/candidate_detail_info.xhtml?electionId=0020260603&huboId=100158139,4건,건축·건설·부동산,,1,건축·건설·부동산:건축법
100163279,이광재,더불어민주당,국회의원(재보궐),경기도 하남시갑,경기도,하남시갑,https://info.nec.go.kr/electioninfo/candidate_detail_info.xhtml?electionId=0020260603&huboId=100163279,4건,정치자금법; 허위공문서·문서위조·공용서류; 국가보안법,정치자금법; 허위공문서·문서위조·공용서류,1,정치자금법:정치자금법; 허위공문서·문서위조·공용서류:위조; 국가보안법:국가보안법
100163546,전주연,진보당,국회의원(재보궐),광주광역시 광산구을,광주광역시,광산구을,https://info.nec.go.kr/electioninfo/candidate_detail_info.xhtml?electionId=0020260603&huboId=100163546,5건,폭력; 공무집행방해; 식품·보건; 국가보안법; 집시법,,1,폭력:폭력행위|상해; 공무집행방해:공무집행방해; 식품·보건:감염병; 국가보안법:국가보안법; 집시법:집회및시위|집회 및 시위
100163951,박형룡,더불어민주당,국회의원(재보궐),대구광역시 달성군,대구광역시,달성군,https://info.nec.go.kr/electioninfo/candidate_detail_info.xhtml?electionId=0020260603&huboId=100163951,2건,폭력; 총포·화약; 집시법,,1,폭력:폭력행위; 총포·화약:총포|도검|화약류; 집시법:집회및시위|집회 및 시위
100163276,송영길,더불어민주당,국회의원(재보궐),인천광역시 연수구갑,인천광역시,연수구갑,https://info.nec.go.kr/electioninfo/candidate_detail_info.xhtml?electionId=0020260603&huboId=100163276,2건,절도,절도,1,절도:절도
100162872,김남준,더불어민주당,국회의원(재보궐),인천광역시 계양구을,인천광역시,계양구을,https://info.nec.go.kr/electioninfo/candidate_detail_info.xhtml?electionId=0020260603&huboId=100162872,1건,음주·위험운전; 도로교통,음주·위험운전,1,음주·위험운전:음주운전; 도로교통:도로교통법
100163683,김의겸,더불어민주당,국회의원(재보궐),전북특별자치도 군산시김제시부안군갑,전북특별자치도,군산시김제시부안군갑,https://info.nec.go.kr/electioninfo/candidate_detail_info.xhtml?electionId=0020260603&huboId=100163683,1건,폭력; 공무집행방해; 집시법,,1,폭력:폭력행위; 공무집행방해:공무집행방해; 집시법:집회및시위|집회 및 시위
