시도,시군구,8회당선정당,8회1·2위격차%p,9회사전투표율,본선후보수,본선구도(이름·정당),무소속수,다당경쟁,검색우선순위,[폴]조사기관,[폴]조사일,[폴]1위지지율,[폴]2위지지율,[폴]출처URL,[폴]여심위번호
서울특별시,강남구,국민의힘,40.8,19.1,2,김형곤(더불) / 김현기(국민),0,Y,,,,,,,
서울특별시,강동구,국민의힘,14.28,24.3,3,김종무(더불) / 이수희(국민) / 이용우(개혁),0,Y,,,,,,,
서울특별시,강북구,더불어민주당,0.34,24.1,4,정창수(더불) / 장지호(국민) / 윤정현(노동) / 한덕희(무소),1,Y,①초접전(8회≤3%p),,,,,,
서울특별시,강서구,국민의힘,2.6,23.8,4,진교훈(더불) / 김진선(국민) / 이미선(진보) / 백철(무소),1,Y,①초접전(8회≤3%p),,,,,,
서울특별시,관악구,더불어민주당,5.88,23.3,3,박준희(더불) / 이남형(국민) / 이혜숙(개혁),0,Y,④접전(8회≤8%p),,,,,,
서울특별시,광진구,국민의힘,2.42,24.3,2,문종철(더불) / 김경호(국민),0,Y,①초접전(8회≤3%p),,,,,,
서울특별시,구로구,국민의힘,4.52,23.4,2,장인홍(더불) / 홍덕희(국민),0,Y,④접전(8회≤8%p),,,,,,
서울특별시,금천구,더불어민주당,5.98,23.0,2,최기찬(더불) / 이희권(국민),0,Y,④접전(8회≤8%p),,,,,,
서울특별시,노원구,더불어민주당,6.52,24.1,2,서준오(더불) / 김광수(국민),0,Y,④접전(8회≤8%p),,,,,,
서울특별시,도봉구,국민의힘,1.68,25.5,2,김동욱(더불) / 오언석(국민),0,Y,①초접전(8회≤3%p),,,,,,
서울특별시,동대문구,국민의힘,6.12,22.8,2,최동민(더불) / 이필형(국민),0,Y,④접전(8회≤8%p),,,,,,
서울특별시,동작구,국민의힘,7.08,25.8,4,류삼영(더불) / 김정태(국민) / 박일하(개혁) / 조성범(무소),1,Y,④접전(8회≤8%p),,,,,,
서울특별시,마포구,국민의힘,1.96,24.7,2,유동균(더불) / 박강수(국민),0,Y,①초접전(8회≤3%p),,,,,,
서울특별시,서대문구,국민의힘,6.62,25.1,2,박운기(더불) / 이성헌(국민),0,Y,④접전(8회≤8%p),,,,,,
서울특별시,서초구,국민의힘,41.76,20.9,2,황인식(더불) / 전성수(국민),0,Y,,,,,,,
서울특별시,성동구,더불어민주당,15.22,24.3,3,유보화(더불) / 고재현(국민) / 정찬옥(개혁),0,Y,,,,,,,
서울특별시,성북구,더불어민주당,0.52,25.0,3,이승로(더불) / 민병웅(국민) / 홍희진(진보),0,Y,①초접전(8회≤3%p),,,,,,
서울특별시,송파구,국민의힘,16.56,23.3,2,조재희(더불) / 서강석(국민),0,Y,,,,,,,
서울특별시,양천구,국민의힘,10.37,24.3,2,우형찬(더불) / 이기재(국민),0,Y,,,,,,,
서울특별시,영등포구,국민의힘,4.0,23.3,2,조유진(더불) / 최웅식(국민),0,Y,④접전(8회≤8%p),,,,,,
서울특별시,용산구,국민의힘,23.34,24.2,3,강태웅(더불) / 김경대(국민) / 김윤재(개혁),0,Y,,,,,,,
서울특별시,은평구,더불어민주당,3.54,25.9,2,김미경(더불) / 남기정(국민),0,Y,④접전(8회≤8%p),,,,,,
서울특별시,종로구,국민의힘,4.4,26.6,2,유찬종(더불) / 정문헌(국민),0,Y,④접전(8회≤8%p),,,,,,
서울특별시,중구,국민의힘,0.82,24.8,3,이동현(더불) / 김길성(국민) / 길기영(개혁),0,Y,①초접전(8회≤3%p),,,,,,
서울특별시,중랑구,더불어민주당,6.06,24.8,2,류경기(더불) / 황종석(국민),0,Y,④접전(8회≤8%p),,,,,,
부산광역시,강서구,국민의힘,19.02,20.1,2,박상준(더불) / 김형찬(국민),0,Y,,,,,,,
부산광역시,금정구,국민의힘,24.08,23.1,4,김경지(더불) / 윤일현(국민) / 박용찬(조국) / 최봉환(개혁),0,Y,,,,,,,
부산광역시,기장군,국민의힘,25.17,17.8,4,우성빈(더불) / 정명시(국민) / 정진백(조국) / 김쌍우(무소),1,Y,,,,,,,
부산광역시,남구,국민의힘,15.84,21.7,2,박재범(더불) / 김광명(국민),0,Y,,,,,,,
부산광역시,동구,국민의힘,20.16,24.9,2,김종우(더불) / 강철호(국민),0,Y,,,,,,,
부산광역시,동래구,국민의힘,25.77,21.2,2,탁영일(더불) / 장준용(국민),0,Y,,,,,,,
부산광역시,부산진구,국민의힘,24.44,20.7,2,서은숙(더불) / 김영욱(국민),0,Y,,,,,,,
부산광역시,북구,국민의힘,14.06,23.4,2,정명희(더불) / 오태원(국민),0,Y,,,,,,,
부산광역시,사상구,국민의힘,25.92,20.6,3,서태경(더불) / 이대훈(국민) / 조병길(무소),1,Y,,,,,,,
부산광역시,사하구,국민의힘,20.38,20.2,2,김태석(더불) / 김척수(국민),0,Y,,,,,,,
부산광역시,서구,국민의힘,35.2,22.9,2,황정재(더불) / 공한수(국민),0,Y,,,,,,,
부산광역시,수영구,국민의힘,43.57,20.6,3,김진(더불) / 강성태(국민) / 황진수(무소),1,Y,,,,,,,
부산광역시,연제구,국민의힘,21.04,20.8,3,이정식(더불) / 주석수(국민) / 노정현(진보),0,Y,,,,,,,
부산광역시,영도구,국민의힘,7.4,24.5,3,김철훈(더불) / 안성민(국민) / 김기재(무소),1,Y,④접전(8회≤8%p),,,,,,
부산광역시,중구,국민의힘,34.95,22.4,2,강희은(더불) / 최진봉(국민),0,Y,,,,,,,
부산광역시,해운대구,국민의힘,22.66,20.6,2,홍순헌(더불) / 김성수(국민),0,Y,,,,,,,
대구광역시,군위군,,,39.8,2,이기만(더불) / 김진열(국민),0,Y,,,,,,,
대구광역시,남구,국민의힘,63.12,17.7,2,정연우(더불) / 조재구(국민),0,Y,,,,,,,
대구광역시,달서구,,,17.2,3,김성태(더불) / 김용판(국민) / 김재흥(무소),1,Y,,,,,,,
대구광역시,달성군,국민의힘,53.25,17.5,2,김보경(더불) / 최재훈(국민),0,Y,,,,,,,
대구광역시,동구,국민의힘,55.1,19.1,3,신효철(더불) / 우성진(국민) / 양희(정의),0,Y,,,,,,,
대구광역시,북구,국민의힘,55.32,17.4,2,최우영(더불) / 이근수(국민),0,Y,,,,,,,
대구광역시,서구,국민의힘,35.72,18.3,2,최규식(더불) / 권오상(국민),0,Y,,,,,,,
대구광역시,수성구,국민의힘,50.54,20.8,2,박정권(더불) / 김대권(국민),0,Y,,,,,,,
대구광역시,중구,,,20.3,2,오영준(더불) / 류규하(국민),0,Y,,,,,,,
인천광역시,강화군,무소속,11.98,33.0,3,한연희(더불) / 박용철(국민) / 문경신(무소),1,Y,,,,,,,
인천광역시,검단구,,,21.7,2,김진규(더불) / 박세훈(국민),0,Y,,,,,,,
인천광역시,계양구,더불어민주당,6.06,21.3,2,박형우(더불) / 이병택(국민),0,Y,④접전(8회≤8%p),,,,,,
인천광역시,남동구,국민의힘,2.1,20.9,2,이병래(더불) / 박종효(국민),0,Y,①초접전(8회≤3%p),,,,,,
인천광역시,미추홀구,국민의힘,9.46,20.3,2,김정식(더불) / 이영훈(국민),0,Y,,,,,,,
인천광역시,부평구,더불어민주당,2.58,21.5,2,차준택(더불) / 이단비(국민),0,Y,①초접전(8회≤3%p),,,,,,
인천광역시,서구,국민의힘,2.34,20.7,3,구재용(더불) / 강범석(국민) / 김용섭(무소),1,Y,①초접전(8회≤3%p),,,,,,
인천광역시,연수구,국민의힘,9.64,21.9,2,정지열(더불) / 이재호(국민),0,Y,,,,,,,
인천광역시,영종구,,,21.0,3,손화정(더불) / 김정헌(국민) / 안광호(조국),0,Y,,,,,,,
인천광역시,옹진군,국민의힘,10.94,34.6,2,장정민(더불) / 문경복(국민),0,Y,,,,,,,
인천광역시,제물포구,,,23.6,2,남궁형(더불) / 김찬진(국민),0,Y,,,,,,,
광주광역시,광산구,,,24.6,2,박병규(더불) / 정희성(진보),0,Y,,,,,,,
광주광역시,남구,더불어민주당,68.14,29.7,1,김병내(더불),0,,,,,,,,
광주광역시,동구,더불어민주당,60.8,32.2,2,임택(더불) / 김성환(조국),0,Y,,,,,,,
광주광역시,북구,더불어민주당,68.54,28.7,4,신수정(더불) / 김주업(진보) / 김성현(무소) / 노남수(무소),2,Y,,,,,,,
광주광역시,서구,더불어민주당,30.04,27.8,1,김이강(더불),0,,,,,,,,
대전광역시,대덕구,국민의힘,6.74,22.2,2,김찬술(더불) / 최충규(국민),0,Y,④접전(8회≤8%p),,,,,,
대전광역시,동구,국민의힘,3.2,22.8,3,황인호(더불) / 박희조(국민) / 한현택(무소),1,Y,④접전(8회≤8%p),,,,,,
대전광역시,서구,국민의힘,6.5,21.8,3,전문학(더불) / 서철모(국민) / 유지곤(조국),0,Y,④접전(8회≤8%p),,,,,,
대전광역시,유성구,더불어민주당,2.32,23.9,2,정용래(더불) / 조원휘(국민),0,Y,①초접전(8회≤3%p),,,,,,
대전광역시,중구,국민의힘,13.48,21.8,2,김제선(더불) / 김선광(국민),0,Y,,,,,,,
울산광역시,남구,국민의힘,32.34,21.0,4,최덕종(더불) / 임현철(국민) / 방인섭(개혁) / 김진석(진보),0,Y,,,,,,,
울산광역시,동구,진보당,9.66,23.8,3,천기옥(국민) / 박문옥(진보) / 이장우(노동),0,Y,②텃밭거스름,,,,,,
울산광역시,북구,국민의힘,10.59,22.8,2,이동권(더불) / 박천동(국민),0,Y,,,,,,,
울산광역시,울주군,국민의힘,17.62,23.3,3,김시욱(더불) / 이순걸(국민) / 강상규(진보),0,Y,,,,,,,
울산광역시,중구,국민의힘,18.84,22.4,3,박태완(더불) / 김영길(국민) / 고호근(무소),1,Y,,,,,,,
경기도,가평군,국민의힘,29.82,25.7,5,김경호(더불) / 서태원(국민) / 이충선(무소) / 이진용(무소) / 신동진(무소),3,Y,,,,,,,
경기도,고양시,국민의힘,7.3,21.1,4,민경선(더불) / 이동환(국민) / 신현철(개혁) / 송영주(진보),0,Y,④접전(8회≤8%p),,,,,,
경기도,과천시,국민의힘,12.72,26.0,3,김종천(더불) / 신계용(국민) / 고금란(개혁),0,Y,,,,,,,
경기도,광명시,더불어민주당,6.88,24.1,2,박승원(더불) / 김정호(국민),0,Y,④접전(8회≤8%p),,,,,,
경기도,광주시,국민의힘,7.78,21.5,2,박관열(더불) / 방세환(국민),0,Y,④접전(8회≤8%p),,,,,,
경기도,구리시,국민의힘,10.53,21.3,2,신동화(더불) / 백경현(국민),0,Y,,,,,,,
경기도,군포시,국민의힘,0.9,22.4,2,한대희(더불) / 하은호(국민),0,Y,①초접전(8회≤3%p),,,,,,
경기도,김포시,국민의힘,7.62,18.6,2,이기형(더불) / 김병수(국민),0,Y,④접전(8회≤8%p),,,,,,
경기도,남양주시,국민의힘,6.88,18.9,2,최현덕(더불) / 주광덕(국민),0,Y,④접전(8회≤8%p),,,,,,
경기도,동두천시,국민의힘,10.94,23.3,2,이인규(더불) / 박형덕(국민),0,Y,,,,,,,
경기도,부천시,더불어민주당,4.98,21.7,2,조용익(더불) / 곽내경(국민),0,Y,④접전(8회≤8%p),,,,,,
경기도,성남시,국민의힘,13.07,23.0,3,김병욱(더불) / 신상진(국민) / 장지화(진보),0,Y,,,,,,,
경기도,수원시,더불어민주당,0.56,20.1,3,이재준(더불) / 안교재(국민) / 정희윤(개혁),0,Y,①초접전(8회≤3%p),,,,,,
경기도,시흥시,더불어민주당,11.08,18.3,1,임병택(더불),0,,,,,,,,
경기도,안산시,국민의힘,0.07,18.6,2,천영미(더불) / 이민근(국민),0,Y,①초접전(8회≤3%p),,,,,,
경기도,안성시,더불어민주당,0.7,22.3,3,김보라(더불) / 김장연(국민) / 신원주(무소),1,Y,①초접전(8회≤3%p),,,,,,
경기도,안양시,더불어민주당,1.3,23.7,2,최대호(더불) / 김대영(국민),0,Y,①초접전(8회≤3%p),,,,,,
경기도,양주시,국민의힘,4.56,20.4,2,정덕영(더불) / 강수현(국민),0,Y,④접전(8회≤8%p),,,,,,
경기도,양평군,국민의힘,9.34,26.8,2,박은미(더불) / 전진선(국민),0,Y,,,,,,,
경기도,여주시,국민의힘,33.36,23.6,2,박시선(더불) / 이충우(국민),0,Y,,,,,,,
경기도,연천군,국민의힘,20.55,27.4,3,박충식(더불) / 김덕현(국민) / 송병서(무소),1,Y,,,,,,,
경기도,오산시,국민의힘,2.14,18.9,3,조용호(더불) / 이권재(국민) / 송진영(개혁),0,Y,①초접전(8회≤3%p),,,,,,
경기도,용인시,국민의힘,10.74,22.4,3,현근택(더불) / 이상일(국민) / 송창훈(개혁),0,Y,,,,,,,
경기도,의왕시,국민의힘,11.38,23.2,2,정순욱(더불) / 김성제(국민),0,Y,,,,,,,
경기도,의정부시,국민의힘,6.61,20.5,2,김원기(더불) / 김동근(국민),0,Y,④접전(8회≤8%p),,,,,,
경기도,이천시,국민의힘,9.16,22.1,2,성수석(더불) / 김경희(국민),0,Y,,,,,,,
경기도,파주시,더불어민주당,0.28,18.0,2,손배찬(더불) / 박용호(국민),0,Y,①초접전(8회≤3%p),,,,,,
경기도,평택시,더불어민주당,4.18,17.3,2,최원용(더불) / 차화열(국민),0,Y,④접전(8회≤8%p),,,,,,
경기도,포천시,국민의힘,4.68,23.8,3,박윤국(더불) / 백영현(국민) / 이재수(무소),1,Y,④접전(8회≤8%p),,,,,,
경기도,하남시,국민의힘,12.06,24.5,2,강병덕(더불) / 이현재(국민),0,Y,,,,,,,
경기도,화성시,더불어민주당,6.08,20.0,3,정명근(더불) / 박태경(국민) / 전성균(개혁),0,Y,④접전(8회≤8%p),,,,,,
강원특별자치도,강릉시,국민의힘,14.24,25.5,3,김중남(더불) / 김홍규(국민) / 김동기(무소),1,Y,,,,,,,
강원특별자치도,고성군,더불어민주당,12.1,29.3,2,함명준(더불) / 박효동(국민),0,Y,,,,,,,
강원특별자치도,동해시,국민의힘,32.12,26.1,3,이정학(더불) / 김기하(국민) / 김홍수(개혁),0,Y,,,,,,,
강원특별자치도,삼척시,국민의힘,2.52,32.4,3,이정훈(더불) / 박상수(국민) / 김형우(개혁),0,Y,①초접전(8회≤3%p),,,,,,
강원특별자치도,속초시,국민의힘,13.88,26.5,3,김철수(더불) / 이병선(국민) / 염하나(무소),1,Y,,,,,,,
강원특별자치도,양구군,국민의힘,4.77,32.6,2,김왕규(더불) / 서흥원(국민),0,Y,④접전(8회≤8%p),,,,,,
강원특별자치도,양양군,국민의힘,15.02,33.5,3,김정중(더불) / 김호열(국민) / 고제철(무소),1,Y,,,,,,,
강원특별자치도,영월군,국민의힘,28.45,31.9,4,박선규(더불) / 김길수(국민) / 엄삼용(조국) / 최명서(무소),1,Y,,,,,,,
강원특별자치도,원주시,국민의힘,7.1,23.8,2,구자열(더불) / 원강수(국민),0,Y,④접전(8회≤8%p),,,,,,
강원특별자치도,인제군,더불어민주당,4.41,31.3,3,최상기(더불) / 엄윤순(국민) / 한상철(무소),1,Y,④접전(8회≤8%p),,,,,,
강원특별자치도,정선군,더불어민주당,2.02,33.5,2,최승준(더불) / 최철규(국민),0,Y,①초접전(8회≤3%p),,,,,,
강원특별자치도,철원군,국민의힘,1.69,26.7,3,한금석(더불) / 김동일(국민) / 고기영(무소),1,Y,①초접전(8회≤3%p),,,,,,
강원특별자치도,춘천시,더불어민주당,0.77,25.1,2,육동한(더불) / 정광열(국민),0,Y,①초접전(8회≤3%p),,,,,,
강원특별자치도,태백시,국민의힘,9.72,33.5,2,김동구(더불) / 이상호(국민),0,Y,,,,,,,
강원특별자치도,평창군,국민의힘,19.97,34.0,2,한왕기(더불) / 심재국(국민),0,Y,,,,,,,
강원특별자치도,홍천군,국민의힘,17.68,27.2,2,박승영(더불) / 신영재(국민),0,Y,,,,,,,
강원특별자치도,화천군,국민의힘,14.28,32.7,2,김세훈(더불) / 최명수(국민),0,Y,,,,,,,
강원특별자치도,횡성군,국민의힘,1.81,32.3,3,장신상(더불) / 임광식(국민) / 김명기(무소),1,Y,①초접전(8회≤3%p),,,,,,
충청북도,괴산군,국민의힘,9.6,39.0,2,이차영(더불) / 송인헌(국민),0,Y,,,,,,,
충청북도,단양군,국민의힘,9.36,31.4,2,김광직(더불) / 김문근(국민),0,Y,,,,,,,
충청북도,보은군,국민의힘,26.08,40.1,2,하유정(더불) / 최재형(국민),0,Y,,,,,,,
충청북도,영동군,국민의힘,10.15,35.5,2,이수동(더불) / 정영철(국민),0,Y,,,,,,,
충청북도,옥천군,더불어민주당,12.34,33.6,2,황규철(더불) / 전상인(국민),0,Y,,,,,,,
충청북도,음성군,더불어민주당,9.68,25.6,2,조병옥(더불) / 임택수(국민),0,Y,,,,,,,
충청북도,제천시,국민의힘,4.27,26.9,3,이상천(더불) / 김창규(국민) / 송수연(무소),1,Y,④접전(8회≤8%p),,,,,,
충청북도,증평군,더불어민주당,1.8,26.1,2,이재영(더불) / 이민표(국민),0,Y,①초접전(8회≤3%p),,,,,,
충청북도,진천군,더불어민주당,14.94,24.1,2,김명식(더불) / 이양섭(국민),0,Y,,,,,,,
충청북도,청주시,국민의힘,16.8,19.8,3,이장섭(더불) / 이범석(국민) / 한현구(무소),1,Y,,,,,,,
충청북도,충주시,국민의힘,19.27,23.4,2,맹정섭(더불) / 이동석(국민),0,Y,,,,,,,
충청남도,계룡시,국민의힘,9.5,27.8,2,정준영(더불) / 이응우(국민),0,Y,,,,,,,
충청남도,공주시,국민의힘,10.32,28.9,2,김정섭(더불) / 최원철(국민),0,Y,,,,,,,
충청남도,금산군,국민의힘,12.94,27.5,3,문정우(더불) / 박범인(국민) / 안찬(조국),0,Y,,,,,,,
충청남도,논산시,국민의힘,28.7,24.8,3,오인환(더불) / 백성현(국민) / 이창원(개혁),0,Y,,,,,,,
충청남도,당진시,국민의힘,16.02,23.2,2,김기재(더불) / 오성환(국민),0,Y,,,,,,,
충청남도,보령시,국민의힘,15.0,28.4,3,이영우(더불) / 엄승용(국민) / 김흥식(무소),1,Y,,,,,,,
충청남도,부여군,더불어민주당,24.06,29.5,3,김민수(더불) / 이용우(국민) / 김기서(무소),1,Y,,,,,,,
충청남도,서산시,국민의힘,13.02,24.1,3,맹정호(더불) / 이완섭(국민) / 유관곤(개혁),0,Y,,,,,,,
충청남도,서천군,국민의힘,3.62,31.2,3,유승광(더불) / 김기웅(국민) / 조중연(개혁),0,Y,④접전(8회≤8%p),,,,,,
충청남도,아산시,국민의힘,1.12,18.5,3,오세현(더불) / 맹의석(국민) / 한태국(무소),1,Y,①초접전(8회≤3%p),,,,,,
충청남도,예산군,국민의힘,17.92,24.4,2,조한영(더불) / 최재구(국민),0,Y,,,,,,,
충청남도,천안시,국민의힘,12.8,17.5,3,장기수(더불) / 박찬우(국민) / 이성진(개혁),0,Y,,,,,,,
충청남도,청양군,더불어민주당,22.16,35.5,2,김돈곤(더불) / 김홍열(국민),0,Y,,,,,,,
충청남도,태안군,더불어민주당,3.28,30.2,2,강철민(더불) / 윤희신(국민),0,Y,④접전(8회≤8%p),,,,,,
충청남도,홍성군,국민의힘,5.16,26.1,3,손세희(더불) / 박정주(국민) / 이두원(무소),1,Y,④접전(8회≤8%p),,,,,,
전북특별자치도,고창군,더불어민주당,2.44,53.2,4,심덕섭(더불) / 유기상(조국) / 장명식(무소) / 정원환(무소),2,Y,①초접전(8회≤3%p),,,,,,
전북특별자치도,군산시,더불어민주당,54.25,30.1,3,김재준(더불) / 이주현(조국) / 고영섭(무소),1,Y,,,,,,,
전북특별자치도,김제시,더불어민주당,13.19,40.9,2,정성주(더불) / 이병철(무소),1,Y,,,,,,,
전북특별자치도,남원시,더불어민주당,6.03,44.3,3,양충모(더불) / 강동원(조국) / 황의돈(무소),1,Y,④접전(8회≤8%p),,,,,,
전북특별자치도,무주군,무소속,21.65,47.9,2,황인홍(더불) / 한송희(무소),1,Y,②텃밭거스름;③호남무소속재대결,,,,,,
전북특별자치도,부안군,더불어민주당,20.64,45.1,4,권익현(더불) / 김성태(국민) / 김성수(조국) / 김종규(무소),1,Y,,,,,,,
전북특별자치도,순창군,무소속,4.72,62.3,2,최영일(더불) / 오은미(진보),0,Y,②텃밭거스름;③호남무소속재대결;④접전(8회≤8%p),,,,,,
전북특별자치도,완주군,더불어민주당,5.06,36.7,2,유희태(더불) / 국영석(무소),1,Y,④접전(8회≤8%p),,,,,,
전북특별자치도,익산시,더불어민주당,53.35,31.4,4,최정호(더불) / 임형택(조국) / 박경철(무소) / 황세연(무소),2,Y,,,,,,,
전북특별자치도,임실군,무소속,1.03,49.0,3,한득수(더불) / 정인준(무소) / 한병락(무소),2,Y,①초접전(8회≤3%p);②텃밭거스름;③호남무소속재대결,,,,,,
전북특별자치도,장수군,더불어민주당,10.28,51.7,2,최훈식(더불) / 장영수(조국),0,Y,,,,,,,
전북특별자치도,전주시,더불어민주당,58.59,29.1,4,조지훈(더불) / 조양덕(국민) / 강성희(진보) / 김광종(무소),1,Y,,,,,,,
전북특별자치도,정읍시,더불어민주당,3.97,42.9,3,이학수(더불) / 김민영(조국) / 김재선(무소),1,Y,④접전(8회≤8%p),,,,,,
전북특별자치도,진안군,더불어민주당,41.51,52.3,3,전춘성(더불) / 천춘진(무소) / 고준식(무소),2,Y,,,,,,,
전라남도,강진군,무소속,9.76,52.2,2,차영수(더불) / 강진원(무소),1,Y,②텃밭거스름;③호남무소속재대결,,,,,,
전라남도,고흥군,더불어민주당,5.96,49.3,3,공영민(더불) / 류봉진(무소) / 최진열(무소),2,Y,④접전(8회≤8%p),,,,,,
전라남도,곡성군,더불어민주당,7.18,50.3,2,조상래(더불) / 박웅두(조국),0,Y,④접전(8회≤8%p),,,,,,
전라남도,광양시,무소속,13.77,33.0,3,정인화(더불) / 박성현(무소) / 박필순(무소),2,Y,②텃밭거스름;③호남무소속재대결,,,,,,
전라남도,구례군,더불어민주당,22.32,50.4,6,장길선(더불) / 이창호(조국) / 이현창(무소) / 전경태(무소) / 정현택(무소) / 정택균(무소),4,Y,,,,,,,
전라남도,나주시,더불어민주당,25.5,38.1,2,윤병태(더불) / 김덕수(조국),0,Y,,,,,,,
전라남도,담양군,더불어민주당,13.48,51.9,3,박종원(더불) / 정철원(조국) / 최화삼(무소),1,Y,,,,,,,
전라남도,목포시,무소속,19.72,33.5,4,강성휘(더불) / 윤선웅(국민) / 박홍률(조국) / 여인두(정의),0,Y,②텃밭거스름;③호남무소속재대결,,,,,,
전라남도,무안군,무소속,9.5,36.8,2,김산(더불) / 정영덕(무소),1,Y,②텃밭거스름;③호남무소속재대결,,,,,,
전라남도,보성군,,,49.1,3,김철우(더불) / 윤영주(무소) / 임영수(무소),2,Y,,,,,,,
전라남도,순천시,무소속,13.88,33.1,3,손훈모(더불) / 이성수(진보) / 노관규(무소),1,Y,②텃밭거스름;③호남무소속재대결,,,,,,
전라남도,신안군,더불어민주당,38.38,61.3,3,박우량(더불) / 김태성(조국) / 고봉기(무소),1,Y,,,,,,,
전라남도,여수시,더불어민주당,53.45,29.6,4,서영학(더불) / 명창환(조국) / 원용규(무소) / 김창주(무소),2,Y,,,,,,,
전라남도,영광군,무소속,2.26,46.6,5,장세일(더불) / 정원식(조국) / 이석하(진보) / 오기원(무소) / 김한균(무소),2,Y,①초접전(8회≤3%p);②텃밭거스름;③호남무소속재대결,,,,,,
전라남도,영암군,더불어민주당,28.09,40.0,2,우승희(더불) / 최영열(조국),0,Y,,,,,,,
전라남도,완도군,더불어민주당,24.72,49.6,2,우홍섭(더불) / 김신(무소),1,Y,,,,,,,
전라남도,장성군,더불어민주당,8.08,45.5,2,김한종(더불) / 김왕근(조국),0,Y,,,,,,,
전라남도,장흥군,더불어민주당,2.32,50.7,2,김성(더불) / 사순문(조국),0,Y,①초접전(8회≤3%p),,,,,,
전라남도,진도군,무소속,16.36,55.0,2,이재각(더불) / 김희수(무소),1,Y,②텃밭거스름;③호남무소속재대결,,,,,,
전라남도,함평군,더불어민주당,67.69,54.2,3,이남오(더불) / 이윤행(조국) / 이행섭(무소),1,Y,,,,,,,
전라남도,해남군,,,40.6,2,명현관(더불) / 박지원(무소),1,Y,,,,,,,
전라남도,화순군,더불어민주당,50.92,36.9,3,임지락(더불) / 정연지(무소) / 김회수(무소),2,Y,,,,,,,
경상북도,경산시,국민의힘,7.74,16.4,4,김기현(더불) / 조현일(국민) / 김두환(한국) / 최병국(무소),1,Y,④접전(8회≤8%p),,,,,,
경상북도,경주시,국민의힘,57.74,19.1,2,박근영(더불) / 주낙영(국민),0,Y,,,,,,,
경상북도,고령군,국민의힘,9.44,26.5,3,정석원(더불) / 이남철(국민) / 김명국(무소),1,Y,,,,,,,
경상북도,구미시,국민의힘,43.37,17.8,4,장세용(더불) / 김장호(국민) / 조순자(개혁) / 임명배(무소),1,Y,,,,,,,
경상북도,김천시,국민의힘,63.65,27.5,3,나영민(더불) / 배낙호(국민) / 이창재(무소),1,Y,,,,,,,
경상북도,문경시,국민의힘,15.31,34.3,3,이윤희(더불) / 김학홍(국민) / 신현국(무소),1,Y,,,,,,,
경상북도,봉화군,국민의힘,58.61,33.0,3,이상식(더불) / 최기영(국민) / 박만우(무소),1,Y,,,,,,,
경상북도,상주시,국민의힘,49.25,28.9,4,정재현(더불) / 안재민(국민) / 윤위영(무소) / 강경모(무소),2,Y,,,,,,,
경상북도,성주군,국민의힘,2.2,34.8,2,정영길(국민) / 전화식(무소),1,Y,①초접전(8회≤3%p),,,,,,
경상북도,안동시,국민의힘,45.74,27.2,2,이삼걸(더불) / 권기창(국민),0,Y,,,,,,,
경상북도,영덕군,국민의힘,61.18,34.1,4,강부송(더불) / 조주홍(국민) / 박병일(무소) / 장성욱(무소),2,Y,,,,,,,
경상북도,영양군,국민의힘,63.0,40.4,2,김상훈(더불) / 오도창(국민),0,Y,,,,,,,
경상북도,영주시,국민의힘,4.42,26.1,3,우창윤(더불) / 황병직(국민) / 황선종(무소),1,Y,④접전(8회≤8%p),,,,,,
경상북도,영천시,무소속,9.64,23.2,3,이정훈(더불) / 김병삼(국민) / 최기문(무소),1,Y,②텃밭거스름,,,,,,
경상북도,예천군,,,31.2,2,윤동춘(더불) / 안병윤(국민),0,Y,,,,,,,
경상북도,울릉군,무소속,39.42,40.8,4,정성환(더불) / 김병수(국민) / 남한권(무소) / 남진복(무소),2,Y,②텃밭거스름,,,,,,
경상북도,울진군,국민의힘,19.9,35.9,2,손병복(국민) / 황이주(무소),1,Y,,,,,,,
경상북도,의성군,무소속,42.56,36.6,2,최유철(국민) / 이왕식(무소),1,Y,②텃밭거스름,,,,,,
경상북도,청도군,국민의힘,12.26,29.7,3,김하수(국민) / 박권현(무소) / 이승민(무소),2,Y,,,,,,,
경상북도,청송군,국민의힘,26.98,34.9,2,임기진(더불) / 윤경희(국민),0,Y,,,,,,,
경상북도,칠곡군,국민의힘,38.61,17.4,2,김시환(더불) / 김재욱(국민),0,Y,,,,,,,
경상북도,포항시,국민의힘,54.4,16.5,3,박희정(더불) / 박용선(국민) / 박승호(무소),1,Y,,,,,,,
경상남도,거제시,국민의힘,0.4,25.2,3,변광용(더불) / 김선민(국민) / 하준명(무소),1,Y,①초접전(8회≤3%p),,,,,,
경상남도,거창군,국민의힘,20.9,33.4,4,최창열(더불) / 이홍기(무소) / 김일수(무소) / 구인모(무소),3,Y,,,,,,,
경상남도,고성군,국민의힘,14.46,31.7,4,백수명(더불) / 하학열(국민) / 이옥철(무소) / 양정건(무소),2,Y,,,,,,,
경상남도,김해시,국민의힘,14.58,22.2,3,정영두(더불) / 홍태용(국민) / 박봉열(진보),0,Y,,,,,,,
경상남도,남해군,더불어민주당,12.28,36.9,2,류경완(더불) / 류성식(국민),0,Y,②텃밭거스름,,,,,,
경상남도,밀양시,국민의힘,57.74,27.2,2,이주옥(더불) / 안병구(국민),0,Y,,,,,,,
경상남도,사천시,국민의힘,40.63,28.0,2,정국정(더불) / 박동식(국민),0,Y,,,,,,,
경상남도,산청군,국민의힘,8.74,37.1,3,최호림(더불) / 유명현(국민) / 이황석(무소),1,Y,,,,,,,
경상남도,양산시,국민의힘,24.13,18.5,2,조문관(더불) / 나동연(국민),0,Y,,,,,,,
경상남도,의령군,무소속,12.93,35.4,3,손태영(더불) / 강원덕(국민) / 오태완(무소),1,Y,②텃밭거스름,,,,,,
경상남도,진주시,국민의힘,44.66,26.2,3,갈상돈(더불) / 한경호(국민) / 조규일(무소),1,Y,,,,,,,
경상남도,창녕군,국민의힘,12.33,30.8,2,주윤식(더불) / 성낙인(국민),0,Y,,,,,,,
경상남도,창원시,국민의힘,19.1,22.0,4,송순호(더불) / 강기윤(국민) / 강명상(개혁) / 박정임(무소),1,Y,,,,,,,
경상남도,통영시,국민의힘,2.8,28.4,3,강석주(더불) / 천영기(국민) / 박청정(무소),1,Y,①초접전(8회≤3%p),,,,,,
경상남도,하동군,무소속,8.01,40.9,3,제윤경(더불) / 김현수(국민) / 남명우(무소),1,Y,②텃밭거스름,,,,,,
경상남도,함안군,국민의힘,34.86,28.3,2,정금효(더불) / 차석호(국민),0,Y,,,,,,,
경상남도,함양군,무소속,18.18,38.9,4,서필상(더불) / 진병영(국민) / 이철우(무소) / 김재웅(무소),2,Y,②텃밭거스름,,,,,,
경상남도,합천군,국민의힘,46.24,35.0,2,류순철(국민) / 김윤철(무소),1,Y,,,,,,,
