선거구명,동,투표구명,분류,선거인수,투표수,더불어민주당_신수정,진보당_김주업,무소속_김성현,무소속_노남수,유효표_계,무효투표수,기권자수
북구,전체,합계,race_total,359547,195400,148312,24932,7650,9669,190563,4837,164147
북구,전체,거소투표,special,541,514,379,50,29,22,480,34,27
북구,전체,관외사전투표,special,32076,32061,24041,4452,1359,1360,31212,849,15
북구,중흥1동,계,subtotal,3398,1521,1208,164,73,32,1477,44,1877
북구,중흥1동,관내사전투표,ballot,761,761,635,81,16,10,742,19,0
북구,중흥1동,선거일투표,ballot,2637,760,573,83,57,22,735,25,1877
북구,중흥동,계,subtotal,11391,5279,3776,778,302,277,5133,146,6112
북구,중흥동,관내사전투표,ballot,2365,2365,1784,344,102,98,2328,37,0
북구,중흥동,선거일투표,ballot,9026,2914,1992,434,200,179,2805,109,6112
북구,중앙동,계,subtotal,3096,1406,1085,151,69,55,1360,46,1690
북구,중앙동,관내사전투표,ballot,852,852,680,78,35,34,827,25,0
북구,중앙동,선거일투표,ballot,2244,554,405,73,34,21,533,21,1690
북구,임동,계,subtotal,10456,5572,4228,645,317,239,5429,143,4884
북구,임동,관내사전투표,ballot,1912,1911,1547,213,60,56,1876,35,1
북구,임동,선거일투표,ballot,8544,3661,2681,432,257,183,3553,108,4883
북구,신안동,계,subtotal,9486,3875,2872,505,170,193,3740,135,5611
북구,신안동,관내사전투표,ballot,1805,1804,1396,239,47,73,1755,49,1
북구,신안동,선거일투표,ballot,7681,2071,1476,266,123,120,1985,86,5610
북구,용봉동,계,subtotal,26800,11732,8619,1651,486,655,11411,321,15068
북구,용봉동,관내사전투표,ballot,3083,3080,2360,431,79,133,3003,77,3
북구,용봉동,선거일투표,ballot,23717,8652,6259,1220,407,522,8408,244,15065
북구,운암1동,계,subtotal,13763,7826,5958,888,314,528,7688,138,5937
북구,운암1동,관내사전투표,ballot,3440,3437,2755,369,95,174,3393,44,3
북구,운암1동,선거일투표,ballot,10323,4389,3203,519,219,354,4295,94,5934
북구,운암2동,계,subtotal,8738,4104,3164,459,129,258,4010,94,4634
북구,운암2동,관내사전투표,ballot,2231,2229,1808,213,43,115,2179,50,2
북구,운암2동,선거일투표,ballot,6507,1875,1356,246,86,143,1831,44,4632
북구,운암3동,계,subtotal,12927,6926,5206,764,317,463,6750,176,6001
북구,운암3동,관내사전투표,ballot,3618,3609,2794,402,119,206,3521,88,9
북구,운암3동,선거일투표,ballot,9309,3317,2412,362,198,257,3229,88,5992
북구,동림동,계,subtotal,16172,8126,6305,886,310,449,7950,176,8046
북구,동림동,관내사전투표,ballot,2755,2752,2183,309,73,141,2706,46,3
북구,동림동,선거일투표,ballot,13417,5374,4122,577,237,308,5244,130,8043
북구,우산동,계,subtotal,11705,5799,4346,767,249,256,5618,181,5906
북구,우산동,관내사전투표,ballot,2211,2209,1742,281,72,72,2167,42,2
북구,우산동,선거일투표,ballot,9494,3590,2604,486,177,184,3451,139,5904
북구,풍향동,계,subtotal,3639,1786,1349,263,61,69,1742,44,1853
북구,풍향동,관내사전투표,ballot,868,867,670,133,24,25,852,15,1
북구,풍향동,선거일투표,ballot,2771,919,679,130,37,44,890,29,1852
북구,문화동,계,subtotal,17289,8805,6658,1126,369,424,8577,228,8484
북구,문화동,관내사전투표,ballot,3482,3479,2778,408,84,122,3392,87,3
북구,문화동,선거일투표,ballot,13807,5326,3880,718,285,302,5185,141,8481
북구,문흥1동,계,subtotal,11421,6320,4890,778,253,264,6185,135,5101
북구,문흥1동,관내사전투표,ballot,3268,3266,2627,380,91,118,3216,50,2
북구,문흥1동,선거일투표,ballot,8153,3054,2263,398,162,146,2969,85,5099
북구,문흥2동,계,subtotal,11723,5971,4631,733,215,225,5804,167,5752
북구,문흥2동,관내사전투표,ballot,2905,2903,2372,334,65,66,2837,66,2
북구,문흥2동,선거일투표,ballot,8818,3068,2259,399,150,159,2967,101,5750
북구,두암1동,계,subtotal,5855,2961,2308,371,122,103,2904,57,2894
북구,두암1동,관내사전투표,ballot,1476,1476,1200,178,42,36,1456,20,0
북구,두암1동,선거일투표,ballot,4379,1485,1108,193,80,67,1448,37,2894
북구,두암2동,계,subtotal,11680,5604,4205,797,238,231,5471,133,6076
북구,두암2동,관내사전투표,ballot,2729,2723,2119,385,88,78,2670,53,6
북구,두암2동,선거일투표,ballot,8951,2881,2086,412,150,153,2801,80,6070
북구,두암3동,계,subtotal,10250,5322,4199,605,176,206,5186,136,4928
북구,두암3동,관내사전투표,ballot,2796,2795,2313,284,49,81,2727,68,1
북구,두암3동,선거일투표,ballot,7454,2527,1886,321,127,125,2459,68,4927
북구,삼각동,계,subtotal,10174,4980,3771,685,146,261,4863,117,5194
북구,삼각동,관내사전투표,ballot,2293,2291,1766,329,47,107,2249,42,2
북구,삼각동,선거일투표,ballot,7881,2689,2005,356,99,154,2614,75,5192
북구,일곡동,계,subtotal,20745,11082,8218,1646,309,659,10832,250,9663
북구,일곡동,관내사전투표,ballot,5203,5200,4010,770,91,240,5111,89,3
북구,일곡동,선거일투표,ballot,15542,5882,4208,876,218,419,5721,161,9660
북구,매곡동,계,subtotal,10990,6463,4807,1048,171,301,6327,136,4527
북구,매곡동,관내사전투표,ballot,3920,3914,2957,641,83,167,3848,66,6
북구,매곡동,선거일투표,ballot,7070,2549,1850,407,88,134,2479,70,4521
북구,오치1동,계,subtotal,7876,3590,2762,426,149,167,3504,86,4286
북구,오치1동,관내사전투표,ballot,1522,1522,1231,170,46,55,1502,20,0
북구,오치1동,선거일투표,ballot,6354,2068,1531,256,103,112,2002,66,4286
북구,오치2동,계,subtotal,9605,4735,3712,517,149,221,4599,136,4870
북구,오치2동,관내사전투표,ballot,2408,2405,1947,275,53,80,2355,50,3
북구,오치2동,선거일투표,ballot,7197,2330,1765,242,96,141,2244,86,4867
북구,석곡동,계,subtotal,1846,1068,787,158,41,37,1023,45,778
북구,석곡동,관내사전투표,ballot,586,586,424,99,22,19,564,22,0
북구,석곡동,선거일투표,ballot,1260,482,363,59,19,18,459,23,778
북구,건국동,계,subtotal,16198,7821,6159,823,257,406,7645,176,8377
북구,건국동,관내사전투표,ballot,3381,3379,2774,330,69,148,3321,58,2
북구,건국동,선거일투표,ballot,12817,4442,3385,493,188,258,4324,118,8375
북구,양산동,계,subtotal,27230,12850,10000,1426,406,736,12568,282,14380
북구,양산동,관내사전투표,ballot,5152,5149,4172,541,94,248,5055,94,3
북구,양산동,선거일투표,ballot,22078,7701,5828,885,312,488,7513,188,14377
북구,신용동,계,subtotal,22477,11211,8606,1358,460,570,10994,217,11266
북구,신용동,관내사전투표,ballot,4008,4004,3167,483,121,181,3952,52,4
북구,신용동,선거일투표,ballot,18469,7207,5439,875,339,389,7042,165,11262
북구,전체,잘못투입·구분된투표지,special,0,90,63,12,4,2,81,9,-90
