시도,기초단체장단위,8회당선정당,민주-국힘격차(%p),1·2위격차(%p),민주득표율,국힘득표율,8회사전(%),9회사전(%),사전증감(%p),8회접전(±10),텃밭거스름
경기도,안산시,국민의힘,-0.07,0.07,46.45,46.52,16.31,18.58,2.27,Y,
경기도,파주시,더불어민주당,0.28,0.28,50.14,49.86,15.47,17.95,2.48,Y,
서울특별시,강북구,더불어민주당,0.34,0.34,49.75,49.41,21.1,24.12,3.02,Y,
경상남도,거제시,국민의힘,-0.4,0.4,45.5,45.9,21.75,25.21,3.46,Y,
서울특별시,성북구,더불어민주당,0.52,0.52,50.26,49.74,22.02,24.95,2.93,Y,
경기도,수원시,더불어민주당,0.56,0.56,50.28,49.72,18.84,20.09,1.25,Y,
경기도,안성시,더불어민주당,0.7,0.7,50.35,49.65,21.99,22.32,0.33,Y,
강원특별자치도,춘천시,더불어민주당,0.77,0.77,45.62,44.85,22.77,25.12,2.35,Y,
서울특별시,중구,국민의힘,-0.82,0.82,49.59,50.41,22.45,24.85,2.4,Y,
경기도,군포시,국민의힘,-0.9,0.9,49.55,50.45,20.2,22.44,2.24,Y,
전북특별자치도,임실군,무소속,43.15,1.03,43.15,0.0,44.03,49.01,4.98,,Y
충청남도,아산시,국민의힘,-1.12,1.12,49.44,50.56,15.73,18.46,2.73,Y,
경기도,안양시,더불어민주당,1.3,1.3,50.65,49.35,22.53,23.71,1.18,Y,
서울특별시,도봉구,국민의힘,-1.68,1.68,48.77,50.45,21.37,25.53,4.16,Y,
강원특별자치도,철원군,국민의힘,-1.69,1.69,35.05,36.74,22.42,26.7,4.28,Y,
충청북도,증평군,더불어민주당,1.8,1.8,43.18,41.38,24.81,26.11,1.3,Y,
강원특별자치도,횡성군,국민의힘,-1.81,1.81,48.54,50.35,33.18,32.29,-0.89,Y,
서울특별시,마포구,국민의힘,-1.96,1.96,46.78,48.74,21.22,24.66,3.44,Y,
강원특별자치도,정선군,더불어민주당,2.02,2.02,51.01,48.99,33.48,33.54,0.06,Y,
인천광역시,남동구,국민의힘,-2.1,2.1,48.95,51.05,19.01,20.94,1.93,Y,
경기도,오산시,국민의힘,-2.14,2.14,47.46,49.6,14.98,18.89,3.91,Y,
경상북도,성주군,국민의힘,-51.1,2.2,0.0,51.1,37.37,34.81,-2.56,,
전라남도,영광군,무소속,48.87,2.26,48.87,0.0,41.68,46.59,4.91,,Y
대전광역시,유성구,더불어민주당,2.32,2.32,51.16,48.84,19.98,23.94,3.96,Y,
전라남도,장흥군,더불어민주당,45.15,2.32,45.15,0.0,43.45,50.71,7.26,,
인천광역시,서구,국민의힘,-2.34,2.34,48.83,51.17,18.73,20.71,1.98,Y,
서울특별시,광진구,국민의힘,-2.42,2.42,48.79,51.21,20.74,24.31,3.57,Y,
전북특별자치도,고창군,더불어민주당,49.72,2.44,49.72,0.0,43.53,53.16,9.63,,
강원특별자치도,삼척시,국민의힘,-2.52,2.52,46.61,49.13,32.06,32.39,0.33,Y,
인천광역시,부평구,더불어민주당,2.58,2.58,51.29,48.71,19.19,21.54,2.35,Y,
서울특별시,강서구,국민의힘,-2.6,2.6,48.7,51.3,20.43,23.84,3.41,Y,
경상남도,통영시,국민의힘,-2.8,2.8,36.14,38.94,24.72,28.4,3.68,Y,
대전광역시,동구,국민의힘,-3.2,3.2,48.4,51.6,20.84,22.76,1.92,Y,
충청남도,태안군,더불어민주당,3.28,3.28,51.64,48.36,29.37,30.23,0.86,Y,
서울특별시,은평구,더불어민주당,3.54,3.54,51.77,48.23,22.3,25.92,3.62,Y,
충청남도,서천군,국민의힘,-3.62,3.62,48.19,51.81,31.1,31.22,0.12,Y,
전북특별자치도,정읍시,더불어민주당,49.75,3.97,49.75,0.0,31.62,42.95,11.33,,
서울특별시,영등포구,국민의힘,-4.0,4.0,48.0,52.0,20.67,23.26,2.59,Y,
경기도,평택시,더불어민주당,4.18,4.18,52.09,47.91,15.88,17.33,1.45,Y,
충청북도,제천시,국민의힘,-4.27,4.27,46.57,50.84,24.37,26.93,2.56,Y,
서울특별시,종로구,국민의힘,-4.4,4.4,47.09,51.49,23.9,26.61,2.71,Y,
강원특별자치도,인제군,더불어민주당,4.41,4.41,51.4,46.99,31.87,31.31,-0.56,Y,
경상북도,영주시,국민의힘,-52.21,4.42,0.0,52.21,27.91,26.1,-1.81,,
서울특별시,구로구,국민의힘,-4.52,4.52,47.74,52.26,20.59,23.45,2.86,Y,
경기도,양주시,국민의힘,-4.56,4.56,46.59,51.15,18.65,20.42,1.77,Y,
경기도,포천시,국민의힘,-4.68,4.68,47.66,52.34,21.97,23.79,1.82,Y,
전북특별자치도,순창군,무소속,47.64,4.72,47.64,0.0,49.75,62.31,12.56,,Y
강원특별자치도,양구군,국민의힘,-4.77,4.77,36.75,41.52,31.31,32.59,1.28,Y,
경기도,부천시,더불어민주당,4.98,4.98,52.49,47.51,19.24,21.74,2.5,Y,
전북특별자치도,완주군,더불어민주당,40.89,5.06,40.89,0.0,27.85,36.68,8.83,,
충청남도,홍성군,국민의힘,-5.16,5.16,46.33,51.49,23.42,26.06,2.64,Y,
서울특별시,관악구,더불어민주당,5.88,5.88,52.94,47.06,21.34,23.34,2.0,Y,
전라남도,고흥군,더불어민주당,52.98,5.96,52.98,0.0,49.66,49.33,-0.33,,
서울특별시,금천구,더불어민주당,5.98,5.98,52.99,47.01,20.42,22.99,2.57,Y,
전북특별자치도,남원시,더불어민주당,37.17,6.03,37.17,0.0,38.45,44.29,5.84,,
서울특별시,중랑구,더불어민주당,6.06,6.06,53.03,46.97,21.55,24.84,3.29,Y,
인천광역시,계양구,더불어민주당,6.06,6.06,51.49,45.43,22.66,21.33,-1.33,Y,
경기도,화성시,더불어민주당,6.08,6.08,53.04,46.96,17.85,20.02,2.17,Y,
서울특별시,동대문구,국민의힘,-6.12,6.12,46.94,53.06,19.73,22.79,3.06,Y,
대전광역시,서구,국민의힘,-6.5,6.5,46.75,53.25,19.16,21.82,2.66,Y,
서울특별시,노원구,더불어민주당,6.52,6.52,53.26,46.74,21.23,24.11,2.88,Y,
경기도,의정부시,국민의힘,-6.61,6.61,45.93,52.54,17.93,20.49,2.56,Y,
서울특별시,서대문구,국민의힘,-6.62,6.62,46.69,53.31,21.75,25.14,3.39,Y,
대전광역시,대덕구,국민의힘,-6.74,6.74,46.63,53.37,19.19,22.15,2.96,Y,
경기도,광명시,더불어민주당,6.88,6.88,53.44,46.56,22.59,24.12,1.53,Y,
경기도,남양주시,국민의힘,-6.88,6.88,46.56,53.44,16.61,18.86,2.25,Y,
서울특별시,동작구,국민의힘,-7.08,7.08,46.46,53.54,23.18,25.79,2.61,Y,
강원특별자치도,원주시,국민의힘,-7.1,7.1,46.45,53.55,21.44,23.84,2.4,Y,
전라남도,곡성군,더불어민주당,53.59,7.18,53.59,0.0,45.88,50.34,4.46,,
경기도,고양시,국민의힘,-7.3,7.3,44.85,52.15,19.22,21.13,1.91,Y,
부산광역시,영도구,국민의힘,-7.4,7.4,46.3,53.7,22.47,24.5,2.03,Y,
경기도,김포시,국민의힘,-7.62,7.62,44.8,52.42,16.93,18.63,1.7,Y,
경상북도,경산시,국민의힘,-53.87,7.74,0.0,53.87,14.7,16.37,1.67,,
경기도,광주시,국민의힘,-7.78,7.78,46.11,53.89,17.23,21.49,4.26,Y,
경상남도,하동군,무소속,-22.94,8.01,15.37,38.31,43.52,40.88,-2.64,,Y
전라남도,장성군,더불어민주당,54.04,8.08,54.04,0.0,45.32,45.52,0.2,,
경상남도,산청군,국민의힘,-51.62,8.74,0.0,51.62,37.18,37.06,-0.12,,
경기도,이천시,국민의힘,-9.16,9.16,45.42,54.58,19.94,22.1,2.16,Y,
경기도,양평군,국민의힘,-9.34,9.34,45.33,54.67,27.11,26.84,-0.27,Y,
충청북도,단양군,국민의힘,-9.36,9.36,45.32,54.68,33.29,31.36,-1.93,Y,
경상북도,고령군,국민의힘,-42.11,9.44,0.0,42.11,27.67,26.49,-1.18,,
인천광역시,미추홀구,국민의힘,-9.46,9.46,45.27,54.73,18.98,20.26,1.28,Y,
충청남도,계룡시,국민의힘,-9.5,9.5,45.25,54.75,25.86,27.82,1.96,Y,
전라남도,무안군,무소속,37.53,9.5,37.53,0.0,29.7,36.78,7.08,,Y
충청북도,괴산군,국민의힘,-9.6,9.6,45.2,54.8,37.11,39.03,1.92,Y,
인천광역시,연수구,국민의힘,-9.64,9.64,45.18,54.82,20.26,21.92,1.66,Y,
경상북도,영천시,무소속,-43.8,9.64,0.0,43.8,25.01,23.25,-1.76,,Y
울산광역시,동구,진보당,-45.17,9.66,0.0,45.17,22.48,23.76,1.28,,Y
충청북도,음성군,더불어민주당,9.68,9.68,54.84,45.16,23.72,25.6,1.88,Y,
강원특별자치도,태백시,국민의힘,-9.72,9.72,44.32,54.04,32.61,33.5,0.89,Y,
전라남도,강진군,무소속,0.0,9.76,0.0,0.0,45.01,52.16,7.15,Y,Y
충청북도,영동군,국민의힘,-10.15,10.15,39.67,49.82,34.21,35.47,1.26,,
전북특별자치도,장수군,더불어민주당,53.62,10.28,53.62,0.0,43.7,51.73,8.03,,
충청남도,공주시,국민의힘,-10.32,10.32,44.84,55.16,26.0,28.86,2.86,,
서울특별시,양천구,국민의힘,-10.37,10.37,43.98,54.35,21.65,24.31,2.66,,
경기도,구리시,국민의힘,-10.53,10.53,43.56,54.09,19.09,21.28,2.19,,
울산광역시,북구,국민의힘,-10.59,10.59,40.02,50.61,18.27,22.83,4.56,,
경기도,용인시,국민의힘,-10.74,10.74,44.63,55.37,20.14,22.42,2.28,,
인천광역시,옹진군,국민의힘,-10.94,10.94,44.53,55.47,36.94,34.6,-2.34,,
경기도,동두천시,국민의힘,-10.94,10.94,43.01,53.95,22.48,23.26,0.78,,
경기도,시흥시,더불어민주당,11.08,11.08,55.54,44.46,16.45,18.26,1.81,,
경기도,의왕시,국민의힘,-11.38,11.38,44.31,55.69,21.74,23.18,1.44,,
인천광역시,강화군,무소속,35.35,11.98,35.35,0.0,30.66,33.05,2.39,,
경기도,하남시,국민의힘,-12.06,12.06,43.97,56.03,21.47,24.54,3.07,,
강원특별자치도,고성군,더불어민주당,12.1,12.1,56.05,43.95,28.31,29.26,0.95,,
경상북도,청도군,국민의힘,-56.13,12.26,0.0,56.13,33.51,29.75,-3.76,,
경상남도,남해군,더불어민주당,12.28,12.28,56.14,43.86,36.02,36.91,0.89,,Y
경상남도,창녕군,국민의힘,-38.84,12.33,10.75,49.59,29.07,30.81,1.74,,
충청북도,옥천군,더불어민주당,12.34,12.34,56.17,43.83,32.17,33.57,1.4,,
경기도,과천시,국민의힘,-12.72,12.72,43.64,56.36,25.97,25.99,0.02,,
충청남도,천안시,국민의힘,-12.8,12.8,41.76,54.56,14.55,17.49,2.94,,
경상남도,의령군,무소속,0.0,12.93,0.0,0.0,37.8,35.43,-2.37,Y,Y
충청남도,금산군,국민의힘,-12.94,12.94,43.53,56.47,26.28,27.46,1.18,,
충청남도,서산시,국민의힘,-13.02,13.02,43.49,56.51,20.29,24.1,3.81,,
경기도,성남시,국민의힘,-13.07,13.07,42.89,55.96,22.08,23.03,0.95,,
전북특별자치도,김제시,더불어민주당,54.67,13.19,54.67,0.0,31.82,40.91,9.09,,
대전광역시,중구,국민의힘,-13.48,13.48,43.26,56.74,19.93,21.77,1.84,,
전라남도,담양군,더불어민주당,56.74,13.48,56.74,0.0,38.07,51.89,13.82,,
전라남도,광양시,무소속,40.82,13.77,40.82,0.0,25.39,33.05,7.66,,Y
강원특별자치도,속초시,국민의힘,-13.88,13.88,43.06,56.94,22.37,26.5,4.13,,
전라남도,순천시,무소속,41.9,13.88,41.9,0.0,24.02,33.05,9.03,,Y
부산광역시,북구,국민의힘,-14.06,14.06,42.97,57.03,17.83,23.38,5.55,,
강원특별자치도,강릉시,국민의힘,-14.24,14.24,29.69,43.93,23.77,25.47,1.7,,
서울특별시,강동구,국민의힘,-14.28,14.28,39.91,54.19,21.57,24.27,2.7,,
강원특별자치도,화천군,국민의힘,-14.28,14.28,42.86,57.14,30.92,32.7,1.78,,
경상남도,고성군,국민의힘,-14.46,14.46,42.77,57.23,32.54,31.66,-0.88,,
경상남도,김해시,국민의힘,-14.58,14.58,42.71,57.29,16.57,22.2,5.63,,
충청북도,진천군,더불어민주당,14.94,14.94,57.47,42.53,21.2,24.07,2.87,,
충청남도,보령시,국민의힘,-15.0,15.0,39.81,54.81,28.89,28.39,-0.5,,
강원특별자치도,양양군,국민의힘,-15.02,15.02,42.49,57.51,29.2,33.5,4.3,,
서울특별시,성동구,더불어민주당,15.22,15.22,57.61,42.39,22.2,24.33,2.13,,
경상북도,문경시,국민의힘,-54.7,15.31,0.0,54.7,33.43,34.34,0.91,,
부산광역시,남구,국민의힘,-15.84,15.84,42.08,57.92,20.28,21.74,1.46,,
충청남도,당진시,국민의힘,-16.02,16.02,41.99,58.01,19.48,23.24,3.76,,
전라남도,진도군,무소속,41.82,16.36,41.82,0.0,43.94,55.03,11.09,,Y
서울특별시,송파구,국민의힘,-16.56,16.56,41.72,58.28,21.41,23.3,1.89,,
충청북도,청주시,국민의힘,-16.8,16.8,41.6,58.4,17.14,19.77,2.63,,
울산광역시,울주군,국민의힘,-17.62,17.62,41.19,58.81,20.43,23.29,2.86,,
강원특별자치도,홍천군,국민의힘,-17.68,17.68,41.16,58.84,26.45,27.17,0.72,,
충청남도,예산군,국민의힘,-17.92,17.92,41.04,58.96,24.35,24.44,0.09,,
경상남도,함양군,무소속,-40.91,18.18,0.0,40.91,42.34,38.86,-3.48,,Y
울산광역시,중구,국민의힘,-18.84,18.84,40.58,59.42,20.46,22.42,1.96,,
부산광역시,강서구,국민의힘,-19.02,19.02,40.49,59.51,15.13,20.1,4.97,,
경상남도,창원시,국민의힘,-19.1,19.1,40.45,59.55,19.0,21.96,2.96,,
충청북도,충주시,국민의힘,-19.27,19.27,38.76,58.03,21.21,23.38,2.17,,
전라남도,목포시,무소속,37.67,19.72,37.67,0.0,30.21,33.55,3.34,,Y
경상북도,울진군,국민의힘,-59.95,19.9,0.0,59.95,33.95,35.87,1.92,,
강원특별자치도,평창군,국민의힘,-19.97,19.97,39.13,59.1,33.77,34.03,0.26,,
부산광역시,동구,국민의힘,-20.16,20.16,39.92,60.08,23.03,24.9,1.87,,
부산광역시,사하구,국민의힘,-20.38,20.38,39.81,60.19,17.54,20.18,2.64,,
경기도,연천군,국민의힘,-20.55,20.55,26.92,47.47,24.17,27.38,3.21,,
전북특별자치도,부안군,더불어민주당,52.46,20.64,57.7,5.24,34.26,45.08,10.82,,
경상남도,거창군,국민의힘,-60.45,20.9,0.0,60.45,32.44,33.36,0.92,,
부산광역시,연제구,국민의힘,-21.04,21.04,39.48,60.52,18.0,20.81,2.81,,
전북특별자치도,무주군,무소속,31.16,21.65,36.5,5.34,47.49,47.92,0.43,,Y
충청남도,청양군,더불어민주당,22.16,22.16,49.89,27.73,34.85,35.52,0.67,,
전라남도,구례군,더불어민주당,54.73,22.32,54.73,0.0,40.75,50.44,9.69,,
부산광역시,해운대구,국민의힘,-22.66,22.66,38.67,61.33,17.94,20.62,2.68,,
서울특별시,용산구,국민의힘,-23.34,23.34,37.34,60.68,21.69,24.25,2.56,,
충청남도,부여군,더불어민주당,24.06,24.06,62.03,37.97,29.59,29.5,-0.09,,
부산광역시,금정구,국민의힘,-24.08,24.08,37.96,62.04,21.32,23.07,1.75,,
경상남도,양산시,국민의힘,-24.13,24.13,35.7,59.83,15.36,18.51,3.15,,
부산광역시,부산진구,국민의힘,-24.44,24.44,37.78,62.22,18.37,20.74,2.37,,
전라남도,완도군,더불어민주당,62.36,24.72,62.36,0.0,38.05,49.57,11.52,,
부산광역시,기장군,국민의힘,-25.17,25.17,30.7,55.87,14.58,17.81,3.23,,
전라남도,나주시,더불어민주당,53.87,25.5,58.82,4.95,29.49,38.06,8.57,,
부산광역시,동래구,국민의힘,-25.77,25.77,34.42,60.19,18.25,21.2,2.95,,
부산광역시,사상구,국민의힘,-25.92,25.92,37.04,62.96,17.32,20.61,3.29,,
충청북도,보은군,국민의힘,-26.08,26.08,32.46,58.54,36.69,40.12,3.43,,
경상북도,청송군,국민의힘,-63.49,26.98,0.0,63.49,37.35,34.88,-2.47,,
전라남도,영암군,더불어민주당,44.75,28.09,48.96,4.21,35.03,39.99,4.96,,
강원특별자치도,영월군,국민의힘,-32.29,28.45,21.29,53.58,30.45,31.87,1.42,,
충청남도,논산시,국민의힘,-28.7,28.7,35.65,64.35,22.42,24.82,2.4,,
경기도,가평군,국민의힘,-29.82,29.82,22.52,52.34,25.28,25.75,0.47,,
광주광역시,서구,더불어민주당,65.02,30.04,65.02,0.0,18.41,27.82,9.41,,
강원특별자치도,동해시,국민의힘,-32.12,32.12,24.98,57.1,23.57,26.13,2.56,,
울산광역시,남구,국민의힘,-32.34,32.34,33.83,66.17,18.12,21.0,2.88,,
경기도,여주시,국민의힘,-33.36,33.36,33.32,66.68,22.64,23.56,0.92,,
경상남도,함안군,국민의힘,-34.86,34.86,32.57,67.43,25.13,28.31,3.18,,
부산광역시,중구,국민의힘,-34.95,34.95,29.94,64.89,21.78,22.36,0.58,,
부산광역시,서구,국민의힘,-35.2,35.2,30.24,65.44,21.31,22.87,1.56,,
대구광역시,서구,국민의힘,-67.86,35.72,0.0,67.86,17.35,18.33,0.98,,
전라남도,신안군,더불어민주당,69.19,38.38,69.19,0.0,48.76,61.31,12.55,,
경상북도,칠곡군,국민의힘,-38.61,38.61,24.38,62.99,17.22,17.42,0.2,,
경상북도,울릉군,무소속,-30.29,39.42,0.0,30.29,47.09,40.81,-6.28,,Y
경상남도,사천시,국민의힘,-40.63,40.63,22.37,63.0,26.51,28.04,1.53,,
서울특별시,강남구,국민의힘,-40.8,40.8,29.6,70.4,18.6,19.09,0.49,,
전북특별자치도,진안군,더불어민주당,61.7,41.51,61.7,0.0,44.26,52.33,8.07,,
서울특별시,서초구,국민의힘,-41.76,41.76,29.12,70.88,20.09,20.88,0.79,,
경상북도,의성군,무소속,-28.72,42.56,0.0,28.72,44.14,36.62,-7.52,,Y
경상북도,구미시,국민의힘,-43.37,43.37,26.92,70.29,15.87,17.84,1.97,,
부산광역시,수영구,국민의힘,-43.57,43.57,26.39,69.96,19.22,20.56,1.34,,
경상남도,진주시,국민의힘,-44.66,44.66,27.67,72.33,22.24,26.24,4.0,,
경상북도,안동시,국민의힘,-46.37,45.74,17.67,64.04,24.14,27.25,3.11,,
경상남도,합천군,국민의힘,-51.76,46.24,11.5,63.26,32.41,35.03,2.62,,
경상북도,상주시,국민의힘,-54.9,49.25,13.15,68.05,31.61,28.87,-2.74,,
대구광역시,수성구,국민의힘,-50.54,50.54,24.73,75.27,16.45,20.77,4.32,,
전라남도,화순군,더불어민주당,75.46,50.92,75.46,0.0,30.64,36.93,6.29,,
대구광역시,달성군,국민의힘,-53.25,53.25,16.09,69.34,12.61,17.54,4.93,,
전북특별자치도,익산시,더불어민주당,60.63,53.35,69.98,9.35,21.95,31.4,9.45,,
전라남도,여수시,더불어민주당,66.28,53.45,72.21,5.93,19.31,29.65,10.34,,
전북특별자치도,군산시,더불어민주당,54.35,54.25,68.24,13.89,17.58,30.11,12.53,,
경상북도,포항시,국민의힘,-54.4,54.4,22.8,77.2,17.24,16.54,-0.7,,
대구광역시,동구,국민의힘,-55.1,55.1,22.45,77.55,15.32,19.14,3.82,,
대구광역시,북구,국민의힘,-77.66,55.32,0.0,77.66,14.68,17.43,2.75,,
경상북도,경주시,국민의힘,-57.74,57.74,21.13,78.87,22.41,19.1,-3.31,,
경상남도,밀양시,국민의힘,-78.87,57.74,0.0,78.87,23.81,27.24,3.43,,
전북특별자치도,전주시,더불어민주당,58.59,58.59,74.13,15.54,17.0,29.07,12.07,,
경상북도,봉화군,국민의힘,-58.61,58.61,14.79,73.4,33.0,33.01,0.01,,
광주광역시,동구,더불어민주당,60.8,60.8,80.4,19.6,20.7,32.19,11.49,,
경상북도,영덕군,국민의힘,-80.59,61.18,0.0,80.59,33.31,34.14,0.83,,
경상북도,영양군,국민의힘,-63.0,63.0,18.5,81.5,47.08,40.4,-6.68,,
대구광역시,남구,국민의힘,-63.12,63.12,18.44,81.56,15.28,17.7,2.42,,
경상북도,김천시,국민의힘,-75.07,63.65,0.0,75.07,28.4,27.47,-0.93,,
전라남도,함평군,더불어민주당,67.69,67.69,80.15,12.46,36.0,54.21,18.21,,
광주광역시,남구,더불어민주당,68.14,68.14,84.07,15.93,18.78,29.7,10.92,,
광주광역시,북구,더불어민주당,68.54,68.54,84.27,15.73,18.25,28.68,10.43,,
